name,reqEducationName,workPlaceNameList
name,reqEducationName,workPlaceNameList
市场营销策划（暴雪游戏）,,杭州市
高级/资深品牌营销（守望先锋）,本科,杭州市
资深/专家游戏引擎开发（TA向）,本科,杭州市
游戏服务器开发工程师,本科,杭州市
资深PGC视频策划（ 代号无限大）,本科,杭州市
高级/资深交互设计师（3A单机）,本科,杭州市
资深场景编辑设计师（在研单机）,大专,杭州市
技术策划专家（在研单机）,本科,杭州市
高级/资深/专家技术策划（代号无限大）,本科,杭州市
专家引擎开发工程师（代号无限大）,本科,上海市
服配资深运营,本科,杭州市
测试开发工程师（压测）,,广州市
高级游戏测试工程师（上海fps类）,,上海市
高级游戏测试工程师（UGC）,,上海市
游戏测试工程师（多类型）,,上海市
测试开发工程师（性能）,,杭州市
测试开发工程师（性能）,,广州市
电竞赛事营销策划（炉石）,本科,杭州市
游戏技术美术工程师（UE引擎）,本科,杭州市
游戏技术美术（动画向）,本科,杭州市
资深VFX特效设计师（在研美漫项目-UE引擎）,大专,广州市
高级概念设计师（时装-大话西游手游）,,广州市
资深运营策划（IP射击项目）,本科,广州市
资深AIGC产品（社交）,本科,杭州市
高级/资深风控Java开发工程师,本科,杭州市
高级用户运营专员（魔兽）,本科,广州市
资深社区运营（暴雪游戏）,本科,广州市
游戏运营经理（炉石传说）,本科,广州市
高级文案策划（线性叙事方向-开放世界武侠项目）,本科,杭州市
高级文案策划（关卡叙事方向-开放世界武侠项目）,本科,杭州市
资深/专家技术动画,,杭州市
资深/专家技术策划 （在研单机）,本科,杭州市
资深材质设计师（在研单机）,大专,杭州市
资深/专家界面动效设计师,,杭州市
资深游戏营销（暗黑）,本科,杭州市
游戏引擎开发工程师 （逆水寒手游）,本科,杭州市
高级/资深技术美术（代号无限大）,本科,上海市
专家玩法策划- Expert Game Designer（在研单机）,本科,杭州市
高级玩法策划- Game Designer（在研单机）,本科,杭州市
客户端引擎开发专家（代号无限大）,本科,杭州市
游戏引擎开发专家 ,本科,杭州市
游戏技术美术专家,本科,杭州市
资深技术美术工程师 (特效向）,本科,杭州市
游戏场景原画设计师（在研单机）,大专,杭州市
游戏引擎开发工程师-TA向（逆水寒手游）,本科,杭州市
高级/资深技术策划工程师,本科,杭州市
动画向技术美术（代号无限大）,本科,杭州市
资深品牌营销（魔兽世界/炉石传说）,本科,杭州市
资深客户端开发-引擎方向（代号无限大）,,杭州市
资深战斗策划（在研单机）,本科,杭州市
资深概念设计师（梦幻手游角色时装）,大专,广州市
小班英语主讲老师（西安）,本科,西安市
小班英语主讲老师（南京）,本科,西安市
海外市场公关,大专,广州市
海外游戏电竞赛事营销策划,本科,杭州市
资深服务器开发（七日世界）,本科,杭州市
海外广告视频设计师,本科,北京市
资深寻源商务（市场营销向）,本科,上海市
资深动画设计师（决战平安京1）,,广州市
BU财务,本科,杭州市
资深玩法策划 -Senior Game Designer（在研单机）,本科,杭州市
资深玩法策划-潜行 / Senior Game Designer-Stealth（在研单机）,本科,杭州市
高级/资深技术美术工程师,本科,杭州市
资深3D场景制作设计师（在研单机项目）,本科,杭州市
资深关卡美术-Level Artist（在研单机）,本科,杭州市
游戏关卡策划（在研3A单机）,本科,杭州市
关卡策划专家（3A单机）,本科,杭州市
资深/专家游戏技术动画-Expert Technical Animator （在研单机）,本科,杭州市
游戏技术美术工程师-PCG方向（代号无限大）,本科,杭州市
资深游戏引擎开发工程师,本科,杭州市
品牌视频制片（暴雪游戏）,本科,杭州市
场景美术专家,大专,杭州市
海外广告投放（google),本科,杭州市
资深特效向TA（3A单机）,本科,杭州市
资深动画向TA（3A单机）,本科,杭州市
资深角色向TA（3A单机）,本科,杭州市
资深剧情动画TA（3A单机）,本科,杭州市
专家技术美术工程师（代号无限大）,本科,上海市
资深/专家GUI设计师,,杭州市
专家关卡美术-Level Artist（在研单机）,本科,杭州市
资深营销发行（FPS类）,本科,杭州市
高级/资深游戏运维开发工程师（青女）,本科,杭州市
游戏技术策划（3A单机）,本科,杭州市
产品推广负责人（暴雪游戏）,本科,杭州市
Cinematic Designer ,本科,杭州市
服务器开发工程师（梦幻西游手游）,本科,广州市
客户端开发（蛋仔派对）,本科,上海市
海外KOL运营（德语/日语/法语/英语/阿拉伯语招聘中）,,广州市
高级产品运营（音乐人营销）,,杭州市
项目管理（营销发行方向）,本科,广州市
数据产品经理（可视化产品方向）,本科,杭州市
资深战斗策划（开放世界武侠项目）,本科,杭州市
会员商务经理（电商渠道方向）,本科,北京市
资深管线和工具开发工程师（暗黑）,,广州市
高级/资深GUI设计师（FragPunk）,本科,杭州市
资深客户端引擎性能优化（明日之后）,,上海市
资深游戏测试工程师（MC）,本科,上海市
资深UI视觉设计（在研英伦复古项目）,本科,广州市
资深概念设计师（场景/西幻绘本动作冒险）,本科,成都市
资深GUI设计师（逆水寒手游）,,杭州市
资深技术美术工程师-在研写实射击,本科,上海市
高级特效设计师-荒野行动,本科,上海市
高级技术美术工程师（渲染）-风格化在研主机,本科,杭州市
高级概念设计师（场景）-二次元风格化在研,本科,杭州市
高级技术美术工程师（渲染）-第五人格,本科,杭州市
资深表现策划（渲染向TA，开放世界）,,杭州市
高级商务专员,本科,杭州市
高级编导（第五人格）,,杭州市
高级数据分析师（回流）,本科,广州市
测试开发专家,本科,杭州市
高级UI视觉设计师（第五人格项目）,,杭州市
高级UI视觉设计师（第五人格2）,,杭州市
高级UI视觉设计师（第五人格1）,本科,杭州市
SEM投放专员,本科,北京市
资深特效设计师（第五人格）,,杭州市
资深概念设计师（美宣）（第五人格）,,广州市
资深3D角色制作设计师（第五人格）,,杭州市
资深3D场景制作设计师 （倩女）,大专,杭州市
高级角色概念设计师（风格化在研）,大专,杭州市
高级UI视觉设计师（卡通风格）,,杭州市
资深软件测试工程师(费控域),本科,杭州市
资深技术美术,本科,广州市
资深客户端开发工程师（工具方向）,本科,广州市
资深客户端开发工程师（梦幻西游端游）,本科,广州市
资深客户端开发工程师（射雕）,本科,广州市
资深客户端开发工程师,本科,广州市
高级系统策划（社交向）,本科,广州市
资深技术美术（射雕）,本科,广州市
资深引擎研发工程师,本科,广州市
OA资深产品经理,本科,广州市
高级UI视觉设计师（卡通风格项目）,,杭州市
高级场景概念设计师（第五人格）,,杭州市
资深3D场景编辑设计师（全明星篮球派对）,大专,杭州市
资深关卡设计师（西幻绘本动作冒险）,大专,成都市
高级内容拓展（喜雨工作室）,本科,北京市
资深游戏策划（制片）,,杭州市
高级表现策划（剧情演出方向，开放世界RPG）,,杭州市
高级概念设计师（角色）-七日世界,本科,杭州市
高级概念设计师（角色）（天下）,大专,广州市
高级HRBP,本科,北京市
资深运营策划（外观商业化_大话手游）,本科,广州市
资深关卡设计师,大专,广州市
机器学习游戏AI工程师,硕士,上海市
高级文案策划（蛋仔滑滑）,本科,上海市
高级内容营销,,杭州市
媒体投放优化师（SEM）,本科,杭州市
资深客户成功（广州）,,广州市
游戏测试工程师（赛车类）,本科,广州市
资深游戏测试工程师（生存MMO2）,本科,上海市
资深体验设计师（上海在研项目）,本科,上海市
高级体验设计师（在研船战）,本科,广州市
平面设计师（代号无限大）,大专,杭州市
高级文案策划（世界之外）,本科,广州市
高级体验设计师（大话西游2归来）,本科,广州市
高级体验设计师（天下3）,本科,广州市
UE客户端开发（巅峰极速）,本科,广州市
客户端开发工程师（大话西游手游）,本科,广州市
资深运营策划（营销向）,本科,广州市
资深运营策划（外观商业化向-开放世界武侠项目）,本科,杭州市
（高潜）游戏测试工程师,,杭州市
C/C++服务端开发工程师（大话免费版）,本科,广州市
高级/资深Unreal开发工程师（在研FPS项目）,本科,杭州市
高级美术PM（KJ）,本科,杭州市
资深场景编辑设计师（成都）,大专,成都市
资深场景原画设计师（成都）,大专,成都市
图形化主讲老师,本科,北京市
用户运营,,北京市
编程赛考项目主讲老师,本科,北京市
思维主讲老师,本科,西安市
C++编程老师,本科,北京市
强化学习算法工程师 - 网易伏羲,硕士,杭州市
工程机械产品经理,本科,杭州市
视觉算法工程师（有灵平台）,本科,杭州市
高级/资深语音合成算法工程师,本科,杭州市
服务端开发工程师（智能NPC）,本科,杭州市
视觉算法工程师,本科,杭州市
有灵天工产品经理,本科,杭州市
匹配推荐算法工程（游戏AI）,硕士,杭州市
网易伏羲-游戏AI产品策划（竞技机器人+匹配方向）,本科,杭州市
深度学习算法工程师 - 网易伏羲,本科,杭州市
文本大模型算法工程师,本科,杭州市
NLP算法工程师（智能NPC）,本科,杭州市
商家管理策略运营,本科,杭州市
高级/资深风格化AIGC算法研究员,硕士,杭州市
资深角色原画设计师（成都）,大专,成都市
游戏关卡策划（永劫无间）,本科,杭州市
游戏战斗策划（永劫无间）,本科,杭州市
游戏英语本地化（代号无限大）,本科,杭州市
游戏关卡策划（在研RPG）,本科,杭州市
Gameplay策划-载具（代号无限大）,本科,杭州市
高级/资深GUI设计师（卡通风格化）,,杭州市
赛事运营管理,本科,广州市
资深动画设计师（大话手游）,,广州市
游戏测试工程师（高潜）,本科,广州市
资深动画设计师（暗黑破坏神不朽）,,广州市
美术项目管理（APM）,本科,深圳市
客户端开发工程师（大话经典版）,本科,广州市
资深概念设计师（角色）（第五人格）2,,杭州市
客户端开发工程师（大话免费版）,本科,广州市
服务端开发工程师（决战！平安京）,本科,广州市
资深客户端程序（战斗&动画方向-七日世界）,本科,杭州市
资深战斗策划（战斗概念设计）,,杭州市
资深表现策划（灯光方向，开放世界RPG）,本科,杭州市
资深动画设计师（二次元）,,广州市
数据分析师,,广州市
资深项目管理工程师（XL）,本科,杭州市
游戏用户运营（梦幻新服）,本科,广州市
高级/资深游戏运营（梦幻西游端游）,本科,广州市
服务端开发（蛋仔派对）,本科,上海市
游戏反外挂算法工程师,硕士,杭州市
音视频SDK开发工程师,本科,北京市
达人商务BD,,杭州市
技术支持,本科,北京市
小红书内容运营,,杭州市
资深3D场景制作设计师 （逆水寒手游）,大专,杭州市
高级产品PM（KJ）,本科,广州市
在线辅导老师,本科,成都市
高中学业规划师,本科,成都市
资深组织人才发展岗,,广州市
云计算研发工程师,本科,广州市
Gameplay策划（代号无限大）,本科,杭州市
游戏文案策划（在研RPG）,本科,杭州市
高级/资深关卡策划 （代号无限大）,本科,杭州市
游戏玩法策划（代号无限大）,本科,杭州市
游戏AI策划（代号无限大）,本科,杭州市
开放世界人工智能策划（代号无限大）,本科,杭州市
PVP玩法策划（天谕手游）,本科,杭州市
游戏系统策划（永劫无间手游）,本科,杭州市
高级/资深特效设计师（成都）,大专,成都市
资深角色制作设计师,大专,杭州市
资深3D动作设计师（永劫无间）,本科,杭州市
资深系统策划（永劫无间）,本科,杭州市
资深过场动画3Dlayout（永劫无间）,本科,杭州市
游戏战斗策划（永劫无间手游）,本科,杭州市
资深战斗策划（在研RPG）,本科,杭州市
游戏战斗策划（代号无限大）,本科,杭州市
游戏文案编剧（代号无限大）,本科,杭州市
资深交互设计师（代号无限大）  ,本科,杭州市
叙事策划组长（代号无限大）,本科,杭州市
游戏运营策划（商业化）-永劫无间,本科,杭州市
游戏战斗策划（在研RPG）,本科,杭州市
Gameplay策划-3C方向（代号无限大）,本科,杭州市
游戏任务策划 （代号无限大）,本科,杭州市
资深游戏影视编导,本科,杭州市
游戏系统策划（代号无限大）,本科,杭州市
游戏系统策划（倩女幽魂）,本科,杭州市
游戏关卡策划（天谕手游）,本科,杭州市
游戏关卡策划 （永劫无间手游）,本科,杭州市
游戏运营策划（永劫无间手游）,本科,杭州市
资深角色原画设计师,大专,杭州市
资深角色制作设计师（成都）,大专,成都市
高级/资深特效设计师（永劫无间）,大专,杭州市
游戏文案主笔（代号无限大）,本科,杭州市
数据分析师,本科,广州市
数据仓库开发工程师,本科,广州市
高级数据分析师（会员）,本科,广州市
高级数据分析师 （游戏生态）,本科,广州市
数据分析师（私域/商业化）,本科,广州市
NLP算法工程师（LLM方向）,硕士,杭州市
引擎开发工程师（大世界引擎技术开发）,本科,杭州市
引擎开发工程师（引擎底层渲染驱动开发）,本科,杭州市
引擎开发工程师 - 移动端兼容性和性能优化,本科,杭州市
图形引擎开发工程师（光照追踪与全局光照方向）,本科,杭州市
高级文案策划（开放世界RPG）,本科,杭州市
高级关卡策划（开放世界RPG）,,杭州市
高级品牌设计师,,杭州市
表现策划（美协策划-第五人格）,本科,杭州市
高级战斗策划（第五人格）,本科,杭州市
高级客户端开发工程师,本科,上海市
游戏用户运营（梦手CPS）,本科,广州市
高级系统策划（世界之外）,本科,广州市
系统策划（在研IP射击项目）,本科,广州市
资深数值策划（综合向）,本科,广州市
资深文案策划,本科,广州市
服务器开发工程师（回合制项目）,本科,广州市
数值策划（世界之外）,本科,广州市
数值策划（养成或投放）,本科,广州市
高级系统策划（社交向）,本科,广州市
数据分析主管,本科,广州市
资深动画设计师,大专,广州市
高级/资深游戏运营（梦幻西游手游）,本科,广州市
资深UI视觉设计师（赛车项目）,本科,广州市
资深数值策划（梦幻西游电脑版）,,广州市
电竞赛事策划（蛋仔派对）,本科,杭州市
高级AI策划（蛋仔派对）,本科,杭州市
高级玩法策划（自走棋方向）,本科,上海市
高级服务端开发工程师（蛋仔派对）,本科,上海市
资深编导（二次元项目）,本科,广州市
客户端开发工程师（梦幻西游手游）,本科,广州市
资深技术美术（美术向）,本科,广州市
高级文案策划（阴阳师手游）,本科,广州市
资深数值策划（七日世界）,本科,杭州市
高级运营策划（射击项目）,本科,广州市
内控专家,,杭州市
辅导组长,本科,合肥市
学业规划师,本科,合肥市
资深电竞赛事运营策划（蛋仔）,,杭州市
招聘专家,本科,广州市
高级/资深游戏测试开发工程师（逆水寒手游）,本科,杭州市
资深产品运营（曲库）,,北京市
制作组长（无尽的拉格朗日）,本科,广州市
资深数值策划（在研日式模拟经营）,本科,广州市
资深文案策划,本科,广州市
资深系统策划（率土之滨）,本科,广州市
关卡组长（无尽的拉格朗日）,本科,广州市
资深数值策划（率土之滨）,本科,广州市
资深系统策划（无尽的拉格朗日）,本科,广州市
资深动画设计师-在研写实射击端游,大专,上海市
高级游戏运营分析师,本科,杭州市
高级/资深法务专员（出海游戏）,本科,杭州市
高级游戏运营（倩女手游）,本科,杭州市
资深服务体验运营,本科,杭州市
资深系统策划（阴阳师手游）,,广州市
资深文案策划（阴阳师手游）,本科,广州市
资深特效设计师（西幻绘本动作冒险）,,成都市
资深系统策划（古代战争题材策略单机游戏）,本科,广州市
Unity开发工程师,本科,广州市
服务端开发工程师（java）,本科,广州市
服务端开发工程师,本科,广州市
资深数值策划（古代战争题材策略单机游戏）,本科,广州市
高级营销策划,本科,广州市
高级推荐算法工程师,硕士,杭州市
资深战略分析师（行业研究）,本科,广州市
资深关卡策划（在研二次元RPG）,本科,广州市
资深编导（大话IP、无尽的拉格朗日）,本科,广州市
资深3D角色制作设计师-风格化在研,,杭州市
游戏服务器开发工程师（逆水寒手游）,本科,杭州市
游戏交互设计师（FPS）,本科,杭州市
游戏系统策划（FPS）,本科,杭州市
资深角色制作设计师（怪物）,大专,杭州市
资深角色原画设计师（永劫无间）,大专,杭州市
高级战斗策划（FPS）,本科,杭州市
主机版游戏系统策划（FPS）,本科,杭州市
FPS商业化运营策划（FragPunk）,本科,杭州市
FPS运营策划（安全向）,本科,杭州市
游戏AI算法工程师（互娱AILab）,本科,广州市
NLP算法工程师（互娱AILab）,本科,广州市
资深AI产品经理（互娱AI Lab）,,广州市
基础架构开发工程师,本科,广州市
资深营销策划（竞速品类）,本科,广州市
Gameplay程序开发（剧情）-在研3A单机,本科,杭州市
游戏客户端开发（UI）-在研3A单机,本科,杭州市
资深角色制作设计师（暗黑武侠）,大专,杭州市
Gameplay程序开发（角色系统）-在研3A单机,本科,杭州市
资深角色原画设计师（暗黑武侠）,大专,杭州市
FPS运营策划（赛事方向）,本科,杭州市
资深角色制作设计师（永劫无间） ,大专,杭州市
游戏关卡策划（FPS）,本科,杭州市
DCC工具开发程序员（3A单机）,本科,杭州市
高级/资深游戏3D动作设计师（成都）,大专,成都市
高级用户增长运营,本科,广州市
CG绑定师,,广州市
资深概念设计师（角色）,本科,广州市
资深概念设计师（场景）-在研科幻写实射击项目,本科,广州市
动画引擎专家(物理方向),,上海市
资深技术美术（动画向）,,上海市
高级系统策划（梦幻西游电脑版）,,广州市
资深服务器开发工程师,,上海市
资深运营策划（赛季方向-七日世界）,本科,杭州市
主文案（七日世界）,,杭州市
资深商业化外观设计策划（七日世界）,本科,杭州市
资深战斗策划（七日世界-3C）,本科,杭州市
资深客户端开发工程师（七日世界）,,杭州市
资深服务器开发工程师（萤火突击）,,杭州市
税务专员,本科,广州市
资深客户端开发工程师,本科,杭州市
资深数值策划（阴阳师手游）,本科,广州市
资深关卡设计师（风格化在研主机）,,杭州市
高级编导（欧美风格化在研）,,杭州市
资深VFX特效设计师（界面）-第五人格,本科,杭州市
资深技术美术工程师-第五人格,本科,杭州市
资深3D场景制作设计师（写实射击在研）,,上海市
资深UI视觉设计师,大专,杭州市
资深技术美术工程师-在研风格化,本科,杭州市
高级关卡设计师（风格化在研）,,杭州市
资深特效设计师（荒野行动）,,广州市
资深特效设计师,本科,杭州市
资深动画设计师（荒野行动）,,广州市
资深UI视觉设计师-七日世界,大专,杭州市
资深动画设计师-风格化在研,,杭州市
资深特效设计师---在研风格化,大专,杭州市
资深UI视觉设计师-第五人格,,杭州市
高级灯光设计师,,杭州市
资深VFX特效设计师（界面）--风格化在研,大专,杭州市
资深UI视觉设计师--风格化在研,大专,杭州市
资深UI视觉设计师（风格化在研）,大专,杭州市
资深UI视觉设计师,,上海市
CG概念设计师,大专,杭州市
资深概念设计师（场景）（天下）,大专,广州市
资深概念设计师（角色）（第五人格）,,杭州市
高级CG灯光师（七日世界）,本科,杭州市
资深动画预演设计师（Layout/Previs）,,杭州市
资深级UI 视觉设计师（萤火突击）,,杭州市
资深UI视觉设计师-第五人格,,杭州市
高级技术美术工程师（渲染）-国风写实在研,本科,杭州市
资深概念设计师（角色）（商业化负责人）,,上海市
资深CG动画师,,杭州市
高级概念设计师（场景）,本科,广州市
店铺运营（视频号）,本科,杭州市
AI产品销售经理,本科,上海市
高级UI视觉设计师（七日世界）,本科,杭州市
资深技术美术工程师（环境效果）-在研风格化主机项目,本科,杭州市
高级灯光设计师,,杭州市
资深概念设计师（角色）（第五人格）,,杭州市
资深概念设计师（场景）（风格化在研）,,杭州市
资深概念设计师（场景）（天下）,大专,广州市
资深3D角色制作设计师（荒野行动）,,广州市
执行主美,本科,上海市
资深UI视觉设计师-卡通风格,,杭州市
概念设计专家（角色）-萤火突击,大专,杭州市
游戏测试工程师（开放大世界生存射击）,,杭州市
高级营销策划（欧美地区）,本科,广州市
海外运营策划（开放世界武侠项目）,本科,杭州市
海外本地化策划（开放世界武侠项目）,本科,杭州市
资深系统策划（萤火突击）,,杭州市
资深服务端开发工程师（梦幻西游端游）,本科,广州市
资深战斗策划,本科,广州市
关卡策划（射雕）,本科,广州市
资深客户端开发工程师（射雕）,本科,广州市
高级系统策划（GVG赛事向）,本科,广州市
服务端开发（开放世界武侠）,本科,杭州市
资深玩法策划（PVP）,本科,上海市
资深3D场景设计师（在研新项目）,,杭州市
资深服务器开发工程师（PO-七日世界）,本科,杭州市
赛事运营管理,本科,广州市
供应链管理,本科,杭州市
SCRM产品经理,本科,广州市
产运负责人 (充值助手） ,本科,广州市
私域产品负责人,本科,广州市
游戏用户运营（大R/流召方向）,本科,广州市
游戏精灵运营（SLG品类负责人）,本科,广州市
私域运营负责人,本科,广州市
AI产品运营（大语言模型方向）,本科,广州市
大模型产品负责人,本科,广州市
大模型产品经理,本科,广州市
资深服务器开发（明日）,,上海市
资深服务器开发工程师（明日）,,上海市
资深服务器开发工程师（七日世界）,,杭州市
资深服务器开发工程师（暗黑）,本科,广州市
游戏发行经理/总监,本科,杭州市
海外发行项目管理,本科,杭州市
游戏用户运营（新客&增值）,本科,广州市
高级/资深Java开发工程师（平台业务）,本科,杭州市
资深营销策划（短视频方向）,本科,广州市
资深CG动画师,,广州市
资深概念设计师（场景）,本科,广州市
资深服务器开发（商业化/运营活动/战斗玩法）,本科,杭州市
（待关闭）高级概念设计师（场景-国风）,,广州市
云商-资深需求分析师,本科,杭州市
人文美育主讲（3-4年级）,本科,杭州市
高级服务端开发工程师（梦幻端游）,本科,广州市
高级VFX特效设计师,,广州市
资深营销策划,本科,广州市
资深商业化策划,本科,深圳市
资深素材创意策划,本科,广州市
休闲游戏主策,本科,北京市
资深客户端开发工程师,本科,杭州市
HRBP,,广州市
高级关卡策划（蛋仔派对）,本科,杭州市
资深数据测试工程师,本科,杭州市
直播系统工程师,本科,广州市
直播技术经理,本科,广州市
资深动作设计师（仙侠单机）,,上海市
游戏叙事玩法设计师（逆水寒端游）,本科,杭州市
高级系统策划（射击品类）,本科,广州市
资深关卡设计师（梦幻手游）,大专,广州市
技术策划（开放世界武侠项目）,本科,杭州市
系统策划（萤火突击）,,杭州市
高级客户端开发工程师（梦幻手游）,本科,广州市
HRBP,,广州市
高级服务端开发（蛋仔派对）,本科,上海市
客户端开发（蛋仔派对）,本科,上海市
高级客户端开发（蛋仔派对）,,上海市
游戏市场营销 – 传播方向（网易游戏FPS新旗舰）,本科,杭州市
游戏宣传视频导演,本科,杭州市
游戏服务端开发（天下3）,本科,广州市
新媒体运营,本科,北京市
APP增长运营,本科,北京市
游戏商务（IAA方向）,本科,广州市
"商品包装设计师
",本科,杭州市
资深游戏客户端开发工程师（仙侠单机）,本科,上海市
资深游戏影视动画师（仙侠单机） - 雷火事业群816 - 雷火事业群816,大专,上海市
战斗策划（仙侠单机） - 雷火事业群816,本科,上海市
三维分镜师（仙侠单机）,,上海市
动画导演（仙侠单机）,,上海市
场景原画（仙侠单机）,,上海市
 资深3D角色制作设计师（仙侠单机）,大专,上海市
资深场景原画（仙侠单机）,,上海市
关卡策划（仙侠单机） - 雷火事业群816,本科,上海市
资深特效设计师（仙侠单机）,,上海市
资深客户端程序（七日世界）,本科,杭州市
高级服务端开发工程师（在研射击）,本科,广州市
资深角色原画（仙侠单机） - 雷火事业群816,大专,上海市
资深游戏场景编辑设计师（仙侠单机）,,上海市
美术项目经理-APM（仙侠单机）,,上海市
资深战斗策划（仙侠单机）,,上海市
高级/资深引擎开发（仙侠单机）,,上海市
客户端程序专家（仙侠单机）,本科,上海市
高级系统策划（仙侠单机） - 雷火事业群816,本科,上海市
人文/文案策划（仙侠单机） - 雷火事业群816,本科,上海市
表现策划（仙侠单机）,,上海市
3D场景制作设计师（仙侠单机）,大专,上海市
高级客户端开发工程师（仙侠单机）,,上海市
高级游戏测试工程师（仙侠单机）,,上海市
工具开发工程师（仙侠单机）,,上海市
资深TA技术美术-渲染向（仙侠单机）,,上海市
高级服务端开发工程师,本科,杭州市
To B线上销售顾问 （外贸通业务）,,杭州市
高级前端开发工程师,本科,广州市
To B线上销售顾问（企业邮业务）,,杭州市
线下销售顾问（东莞）,大专,东莞市
线下销售顾问（广州）,,广州市
线下销售顾问（深圳）,,深圳市
资深商业化外观设计策划,本科,杭州市
大数据开发工程师,本科,广州市
资深客户端开发工程师（射雕项目）,本科,广州市
资深服务器开发工程师（梦幻西游端游）,本科,广州市
高级叙事策划,本科,广州市
资深服务器开发工程师（梦幻西游端游）,,广州市
战斗策划（射雕）,本科,广州市
客户端开发工程师（大话经典版）,本科,广州市
渠道商务经理（出海SaaS业务）,本科,杭州市
线下销售顾问（宁波）,,宁波市
高级/资深客户成功（杭州）,本科,杭州市
线下销售顾问（上海）,,上海市
高级/资深客户成功（广州）,,广州市
高级/资深销售运营,,杭州市
线下销售顾问（杭州）,大专,杭州市
青岛直销团队负责人（外贸/SaaS业务）,本科,青岛市
资深增长产品运营,本科,北京市
资深产品经理（云笔记）,本科,北京市
概念设计师（车辆）,,广州市
高级系统策划（开放世界）,本科,杭州市
资深VFX特效设计师（体育竞技类项目）,大专,广州市
资深数值策划（在研二次元RPG）,本科,广州市
用户运营（补贴策略）,本科,广州市
角色文案策划（日区）,本科,广州市
高级/资深社区运营,本科,广州市
资深动画设计师（西幻绘本动作冒险）,本科,成都市
资深3D角色设计师,本科,广州市
HRBP-上海,,上海市
高级概念设计师（0场景-巅峰极速）,,广州市
高级概念设计师（场景-巅峰极速）,,广州市
资深运营策划（7日世界）,本科,杭州市
资深系统策划（在研slg）,本科,上海市
战斗策划（开放世界武侠项目）,本科,杭州市
营销专员-新媒体-漫威终极逆转,本科,上海市
资深战斗策划（射击项目）,,广州市
资深寻源商务,本科,上海市
前端资深开发工程师,本科,广州市
高级客户端开发（梦幻西游手游）,本科,广州市
测试开发工程师（性能）,,广州市
高级概念设计师（场景-在研国风）,,广州市
资深UX交互设计师,本科,广州市
资深概念设计师（CG）,,广州市
资深服务器开发工程师,,上海市
游戏技术开发岗（引擎/客户端/服务器）,本科,上海市
工程机电经理,本科,杭州市
资深生态治理策略运营（社区）,本科,北京市
资深风控平台产品经理,本科,杭州市
高级\资深游戏测试开发工程师,本科,杭州市
资深运营策划-七日世界（海外版本/国内）,,杭州市
AP会计（杭州）,本科,杭州市
资深概念设计师（角色/西幻绘本动作冒险）,本科,成都市
高级税务专员,本科,杭州市
资深引擎开发,,上海市
高级游戏测试工程师（生存MMO3）,本科,上海市
资深游戏测试工程师（武侠MMO-2）,本科,杭州市
资深游戏测试工程师（武侠开放世界MMO1）,本科,杭州市
高级游戏测试工程师,,杭州市
测试开发工程师（压测）,,杭州市
资深游戏测试工程师（七日世界）,本科,杭州市
测试开发工程师（压测）,,杭州市
资深算法工程师,,广州市
资深工具研发工程师,本科,杭州市
资深产品经理（社交游戏化）,本科,杭州市
资深营销推广设计师（B端）,本科,杭州市
资深平台流量运营,本科,杭州市
生态治理策略运营,本科,杭州市
资深风控算法工程师,本科,杭州市
资深产品经理（社交游戏化）,本科,杭州市
资深营销推广设计师（B端）,本科,杭州市
资深Java开发工程师,本科,杭州市
资深分布式存储工程师,本科,杭州市
高级服务端开发工程师（播客）,本科,杭州市
资深测试开发/专家,本科,杭州市
资深UI设计师（LOFTER）,本科,杭州市
车载技术负责人,本科,杭州市
资深Java开发工程师（直播）,本科,杭州市
资深产品经理（创新增长）,本科,杭州市
资深体验运营,本科,杭州市
高级云计算/系统运维工程师（SRE）,本科,杭州市
高级/资深 前端开发工程师（RN跨端方向）,本科,杭州市
资深活动运营（社区）,本科,杭州市
资深策略产品经理（长音频）,本科,杭州市
资深大前端开发工程师（社交游戏方向）,本科,杭州市
资深/专家视觉设计师,本科,杭州市
资深信息流投放/专家,本科,北京市
资深推广设计师（社交/直播/娱乐）,本科,杭州市
资深大前端开发工程师,本科,杭州市
资深/专家视觉设计师,本科,杭州市
资深容器平台研发工程师,本科,杭州市
资深UI设计师（平台业务）,本科,杭州市
资深数据产品经理（平台）,本科,北京市
资深数据产品经理（直播生态治理）,本科,杭州市
资深社交平台产品（心遇app）,本科,杭州市
资深用户产品经理（社区）,本科,杭州市
资深Android开发（基础体验）,本科,杭州市
高级/资深Android开发工程师,本科,杭州市
资深中间件开发/专家,本科,杭州市
资深中间件开发/专家,本科,杭州市
资深视觉设计师,本科,杭州市
搜索产品经理（大模型内容安全方向）,本科,北京市
资深iOS开发工程师,本科,杭州市
AI产品经理,本科,广州市
资深品牌营销策划（阴阳师手游）,,广州市
资深游戏用户研究员,硕士,杭州市
高级/资深游戏测试工程师（在研ARPG）,本科,杭州市
高级/资深游戏测试开发工程师（逆水寒端游）,本科,杭州市
高级/资深增长产品经理,本科,杭州市
高级/资深游戏测试工程师（代号无限大）,本科,杭州市
高级/资深增长产品经理（雷火游戏）,本科,杭州市
高级游戏测试工程师,本科,杭州市
游戏交互设计师（逆水寒）,本科,杭州市
游戏文案策划-实现向（逆水寒）,本科,杭州市
游戏测试/测开工程师（AI向）,本科,杭州市
关卡策划（逆水寒端游）,,杭州市
开放世界与人工智能游戏策划（逆水寒手游）,本科,杭州市
游戏文案策划（ 逆水寒手游 ）,本科,杭州市
资深游戏测试工程师（代号无限大）,本科,杭州市
资深数据挖掘工程师/专家（青女）,硕士,杭州市
资深服务器开发工程师（在研竞技类游戏）,本科,杭州市
资深体验设计师（UI/UX）（青女）,硕士,杭州市
资深数据分析师/专家（青女）,硕士,杭州市
高级测试工程师,本科,杭州市
高级游戏测试工程师,本科,杭州市
高级/资深游戏测试工程师（在研单机）,本科,杭州市
二次元游戏推广设计师,本科,杭州市
资深游戏性能测试开发工程师,本科,杭州市
资深/专家客户端开发-战斗（代号无限大）,本科,杭州市
游戏客户端开发工程师（代号无限大）,本科,杭州市
客户端开发工程师-gameplay（代号无限大）,本科,杭州市
高级/资深游戏服务器开发工程师（代号无限大）,本科,杭州市
高级/资深游戏测试工程师（永劫无间手游）,本科,杭州市
高级/资深游戏测试（天谕手游）,本科,杭州市
高级/资深/专家/ft组长关卡策划—副本方向（逆水寒手游）,本科,杭州市
高级/资深客户端开发工程师（无限大）,本科,杭州市
资深/专家客户端开发-基础3C系统（代号无限大）,本科,杭州市
高级UI设计师,本科,杭州市
高级/资深游戏测试工程师（逆水寒手游）,本科,杭州市
高级游戏测试开发工程师（Fragpunk）,本科,杭州市
高级/资深游戏测试工程师（逆水寒手游）,本科,杭州市
专家/资深客户端开发工程师,本科,杭州市
高级/资深/专家/ft组长关卡策划—开放世界方向（逆水寒手游）,本科,杭州市
技术美术工程师（CG-渲染向）,,广州市
内容营销策划（广州）,本科,广州市
高级游戏开发工程师（射雕）,本科,广州市
资深概念设计师（角色）（国风写实在研）,,杭州市
资深场景原画（倩女）,大专,杭州市
高级/资深社区运营（梦幻西游手游）,本科,广州市
高级/资深社区运营（梦幻西游端游）,本科,广州市
高级社区运营（梦幻西游）,本科,广州市
私域社群运营组长,本科,广州市
资深创意设计师（杭州）,本科,杭州市
高级数值策划（阴阳师手游）,本科,广州市
资深客户端开发工程师 （开放世界武侠）,本科,杭州市
商业分析师（预算管理方向）,本科,广州市
资深运营策划-开放空间,本科,上海市
资深发行营销-开放空间,本科,上海市
资深实机视频定制设计师,本科,广州市
资深体验设计师（广州）,本科,广州市
高级营销策划（海外社区-Reddit）,本科,广州市
图书达人BD,本科,北京市
资深服务器开发工程师 （明日）,本科,上海市
高级玩法策划（在研创新SLG）,本科,上海市
高级数值策划（在研slg）,本科,上海市
大客户销售经理（区域服务商-广州）,本科,广州市
资深HRBP,本科,广州市
资深特效设计师（决战平安京）,,广州市
资深系统策划（赛季设计方向-七日世界）,本科,杭州市
高级运维工程师,本科,北京市
JAVA开发工程师（广告平台）,,北京市
厂商优化师,大专,广州市
收入会计,本科,北京市
海外KOL运营-1,,广州市
海外短剧商务,,广州市
资深运营策划（梦幻西游手游）,本科,广州市
辅导主管-南京 -有道事业群701,本科,南京市
辅导组长,本科,南京市
高中学业规划师,本科,南京市
销售管理培训生,本科,北京市
资深游戏灯光美术师,大专,杭州市
信息学主讲老师-校招,本科,北京市
短剧品牌广告商务,本科,广州市
海外DSP广告销售&主管,,广州市
短剧广告视频设计师,其他,广州市
品牌广告销售-上海,本科,上海市
渠道销售经理,,广州市
AI产品经理,本科,北京市
品牌广告销售-北京,大专,北京市
资深玩法策划（狼人杀IP）,本科,广州市
高级数值策划（大话2免费版）,本科,广州市
客户端开发工程师,本科,广州市
资深技术美术（巅峰极速）,,广州市
资深概念设计师（场景-大话西游手游）,本科,广州市
3D角色制作设计师（巅峰极速-车辆硬表面）,,广州市
3D角色制作设计师（巅峰极速）,,广州市
资深概念设计师（角色-大话西游手游）,本科,广州市
海外美宣设计,本科,杭州市
内容活动运营,本科,广州市
资深游戏数据研究员,本科,广州市
高级游戏运营（私域分发）,本科,广州市
用户增长策略专家（杭州/上海）,本科,杭州市
音乐内容推广,本科,杭州市
创新营销活动策划（用户增长方向）,本科,杭州市
资深达人/UGC投放运营,本科,杭州市
高级系统策划（阴阳师手游）,,广州市
CG灯光师 (生产方向),,广州市
战斗策划（决战！平安京）,本科,广州市
技术交付专家,,广州市
交付专家,,广州市
关卡向开发工程师（Marvel Rivals-3A竞技射击游戏）,本科,广州市
（待关闭）资深动画设计师（国风）,,广州市
（待关闭）资深概念设计师（角色-巅峰极速）,其他,广州市
校园招聘岗,本科,广州市
资深体验设计师,本科,杭州市
资深体验设计师（杭州）,本科,杭州市
资深渲染TA（在研PC射击）,,上海市
资深资源策划（荒野行动）,本科,广州市
资深数值策划（射击项目）,本科,广州市
资深概念设计师（顶级时装-巅峰极速）,其他,广州市
高级特效设计师（决战平安京）,,广州市
（待关闭）高级特效设计师（决战平安京）,,广州市
产品专家（HR线）,本科,杭州市
战斗策划（在研3A PC射击）,,上海市
高级关卡策划（UGC方向-蛋仔派对）,本科,杭州市
高级UGC生态运营,本科,杭州市
客户端程序（在研PC射击）,本科,上海市
资深游戏测试工程师（TPS射击类MMO）,本科,广州市
数值策划（决战！平安京）,本科,广州市
游戏电竞商业化客户管理,本科,广州市
短视频运营经理（第五人格）,本科,广州市
高级短视频运营（倩女）,本科,广州市
高级/资深产品运营,本科,广州市
高级产品运营,本科,广州市
高级/资深私域运营（广州）,本科,广州市
数据产品,本科,广州市
资深特效设计师（暗黑不朽）,,广州市
资深概念设计师（0角色-决战平安京）,,广州市
资深概念设计师（角色-决战平安京）,,广州市
资深战斗策划（在研PC射击）,本科,上海市
资深游戏用户研究员,本科,杭州市
高级/资深招聘HR,本科,广州市
资深体验设计师（上海）,本科,上海市
战略分析师（市场研究方向）,本科,杭州市
资深系统策划（新手&留存）,本科,广州市
资深游戏绑定师-单机,,杭州市
资深传播营销策划,本科,上海市
资深客户端程序,本科,杭州市
高级服务端开发工程师 ( 世界之外 ),本科,广州市
大客户销售（金融-北京上海杭州）,本科,北京市
淘系品类运营（服饰）,本科,杭州市
用户运营专员,本科,杭州市
大客户销售经理（区域服务商）,本科,上海市
资深直播运营（抖音自播）,本科,杭州市
京东渠道运营（宠物POP）,本科,杭州市
大客户销售（金融）-上海/杭州/北京,,上海市
资深客户服务管理,大专,衢州市
达人商务BD（视频号）,本科,杭州市
资深引擎开发（构建优化方向）,本科,广州市
高级游戏服务器开发工程师（全明星街球派对）,本科,杭州市
市场营销策划-传播方向（永劫无间）,本科,杭州市
高级/资深客户端开发工程师-gameplay（倩女幽魂手游）,本科,杭州市
系统策划-烈酷工作室,本科,杭州市
高级数值策划（倩女幽魂手游）,本科,杭州市
游戏短视频内容营销（逆水寒手游）,本科,杭州市
海外端游公关传播营销策划（FragPunk）,本科,杭州市
海外广告投放师（UA） - 烈酷工作室,本科,杭州市
高级/资深系统策划（倩女手游）,本科,杭州市
游戏社区生态营销（逆水寒手游）,本科,杭州市
C/C++服务端开发工程师（大话免费版）,本科,广州市
（待关闭）资深概念设计师（角色-大话西游手游）,,广州市
营销动画导演（代号无限大）,大专,杭州市
资深/专家场景编辑设计师,大专,杭州市
游戏海外市场营销策划（FPS向）,本科,杭州市
海外运营策划（全明星街球派对）,本科,杭州市
资深Unity客户端开发工程师（全明星街球派对）,本科,杭州市
资深游戏服务器开发工程师（全明星街球派对）,本科,杭州市
高级/资深Unreal引擎开发工程师（在研FPS项目）,本科,杭州市
高级游戏客户端（全明星街球派对）,本科,杭州市
游戏CG导演,本科,杭州市
资深用户运营（梦手回流）,,广州市
资深运营策划(用户服务）,本科,广州市
高级3D场景设计师（在研欧美风格化项目）,,成都市
高级动画设计师（在研欧美风格化项目）,,成都市
资深特效设计师（在研欧美风格化项目）,,成都市
高级3D角色设计师（在研欧美风格化项目）,,成都市
高级概念设计师（角色-在研美漫项目）,,广州市
高级概念设计师（场景-在研美漫项目）,,广州市
高级技术美术设计师（渲染向）,,广州市
高级营销策划（竞速品类）,本科,广州市
资深创意设计师（图形动画设计方向）,本科,广州市
资深运营策划（Marvel Rivals-赛事向）,,广州市
主文案策划（决战！平安京）,本科,广州市
低代码-生态合作负责人,,杭州市
编辑器技术策划（蛋仔派对）,本科,杭州市
硬件财务BP,本科,北京市
高级营销策划（漫威争锋）,本科,广州市
资深法律顾问（合同审核与法律风险控制方向） ,本科,广州市
项目管理主管/经理,,广州市
音频设计师（全风格）,,广州市
海外发行项目管理（广州）,本科,广州市
关卡策划（外包）,本科,杭州市
资深游戏特效设计师（逆水寒手游）,,杭州市
生态系统（逆水寒手游）,本科,杭州市
资深游戏角色原画设计师（逆水寒）,大专,上海市
资深游戏角色原画设计师（逆水寒）,大专,上海市
资深游戏影视动画师（逆水寒手游）,,杭州市
资深3D动作设计师（在研二次元大世界）,本科,杭州市
资深3D动作设计师（逆水寒手游）,大专,杭州市
资深游戏影视编导（逆水寒手游）,本科,杭州市
资深策略运营（音乐人及歌单生态）,本科,杭州市
高级运营策划（增值服务）,,广州市
高级UE客户端开发工程师（在研二次元RPG）,,广州市
高级UE客户端开发,本科,杭州市
关卡策划,本科,广州市
高级系统策划（荒野行动）,本科,广州市
高级/资深达人运营（MCN）,本科,广州市
资深市场PM（七日世界）,本科,杭州市
内容安全管理,本科,广州市
高级战斗策划（Marvel Rivals）,,广州市
高级系统策划（Marvel Rivals-主机向）,本科,广州市
高级关卡策划（在研二次元卡牌RPG）,,广州市
资深系统策划（帮派系统向）,本科,广州市
高级/资深数据分析师（网易云音乐）,本科,杭州市
系统策划,本科,广州市
高级商业化运营策划（蛋仔IP三消项目）,,上海市
资深引擎开发工程师（破碎之地）,本科,广州市
资深动画设计师（射击类项目）,,深圳市
资深3D角色制作设计师（风格化项目）,,广州市
LOFTER衍生品KA销售,,杭州市
培训专家,,广州市
资深客户端开发（在研PC射击）,本科,上海市
引擎开发（在研PC射击）,本科,上海市
客户端开发（动画3C）,本科,杭州市
资深客户端开发（工具链方向）,本科,杭州市
资深音频技术开发,本科,杭州市
资深客户端研发工程师（MC）,,上海市
客户端系统开发工程师（Marvel Rivals-3A竞技射击游戏）,本科,广州市
资深UI视觉设计师（大话西游：归来）,大专,广州市
高级用户运营（倩女手游商业化）,本科,杭州市
高级动画设计师（决战平安京）,,广州市
高级内容拓展（云上工作室）,本科,北京市
资深CG特效师,,广州市
资深技术指导,大专,广州市
资深CG模型材质师,大专,广州市
赛事策划,本科,广州市
赛事导演,本科,广州市
资深游戏测评工程师,,上海市
LOFTER衍生品销售运营,本科,杭州市
高级关卡策划（开放世界武侠项目）,本科,杭州市
资深游戏灯光（开放世界武侠项目）,本科,杭州市
高级风控运营专员（游戏运营及数据、内审方向）,本科,广州市
概念设计师（CG-场景）,本科,广州市
高级数值策划（开放世界RPG）,本科,杭州市
资深3D Layout（开放世界武侠项目）,本科,杭州市
资深CG动画（开放世界武侠项目）,本科,杭州市
短视频运营管理,本科,广州市
平台活动运营,本科,北京市
高级测试工程师,本科,杭州市
高级客户端开发工程师（阴阳师手游）,,广州市
资深系统策划（外观商业化）,本科,广州市
易盾-资深客户成功经理（杭州）,本科,杭州市
游戏风控专员（休闲竞技品类),本科,杭州市
云商-高级/资深直客销售（北京，上海，杭州，成都）,本科,北京市
存储研发工程师,本科,广州市
资深关卡策划（大世界场景方向-七日世界）,本科,杭州市
资深技术策划,本科,广州市
资深关卡策划（在研回合制MMO）,本科,广州市
客户端开发工程师（工具向）,本科,广州市
客户端开发,本科,杭州市
客户经理,本科,上海市
高级战斗策划（萤火）,本科,杭州市
高级采购商务（UGC方向）,本科,杭州市
硬件产品创意营销,本科,北京市
高级动画设计师（决战平安京）,,广州市
资深动画设计师（决战平安京）,,广州市
赛事活动/传播项目经理,本科,广州市
资深UI视觉设计师（在研古代战争题材3A单机项目）,本科,广州市
高级服务端开发工程师（阴阳师手游）,,广州市
资深引擎开发工程师(暗黑）,本科,广州市
资深引擎工具开发工程师,,杭州市
资深技术美术工程师（渲染向-七日世界）,,杭州市
资深战斗系统开发（UE）,,上海市
资深引擎开发工程师（明日之后）,,上海市
资深游戏服务端开发工程师,本科,上海市
资深客户端开发工程师,,上海市
资深引擎开发,,上海市
资深技术美术工程师（渲染向）,本科,上海市
资深客户端开发（性能优化方向）-萤火,本科,杭州市
高级社区运营（守望先锋）,本科,广州市
高级/资深内容运营（魔兽/炉石）,本科,广州市
Senior Accounting Specialist,本科,杭州市
资深UI视觉设计师（率土之滨-主UI）,本科,广州市
运营策划（海外用户运营向） ,,杭州市
高级/资深招聘HR,本科,杭州市
高级招采专员（内容营销）,本科,上海市
高级公关传播招采专员,本科,广州市
资深体验设计师（梦幻西游新项目）,本科,广州市
游戏运营（策略平台）,本科,广州市
资深运营策划（增值服务向）,本科,广州市
资深游戏开发工程师（长运）,,上海市
资深管线和工具开发工程师（明日）,,上海市
资深管线和工具开发工程师（萤火）,,杭州市
引擎组长,,上海市
资深客户端开发工程师（明日）,本科,上海市
资深管线和工具开发工程师（暗黑）,,广州市
资深UE5游戏gameplay开发,本科,上海市
资深客户端开发工程师（暗黑）,本科,广州市
资深管线工具开发工程师,,上海市
资深技术美术（管线工具向）- 七日世界,,杭州市
资深体验设计师（阴阳师）,本科,广州市
HRBP-游戏产品团队,,广州市
招聘Leader,,广州市
资深系统策划（破碎之地）,本科,广州市
高级技术策划（3C方向-开放世界RPG）,本科,杭州市
资深战斗策划（Marvel Rivals-英雄设计方向）,,广州市
游戏招聘HR,本科,广州市
资深关卡策划（Marvel Rivals）,本科,广州市
资深基建成本核算,,杭州市
场景美术专家-雷火游戏,大专,杭州市
关卡组长（萤火突击）,本科,杭州市
资深特效设计师（梦幻西游手游）,大专,广州市
图书渠道商务,本科,杭州市
资深前端开发工程师/专家（云协作方向）,本科,杭州市
资深UE服务端开发工程师,,广州市
自走棋数值策划（蛋仔派对）,本科,上海市
资深游戏影视动画师,,杭州市
招生策略运营,本科,北京市
信息流编导,本科,北京市
高级关卡策划（Marvel Rivals）,,广州市
资深AI策划（蛋仔派对）,,杭州市
高级后端开发工程师（LOFTER）,本科,杭州市
资深后端开发工程师（虚拟社交）,本科,杭州市
自走棋玩法策划,,上海市
高级技术策划（战斗编辑器）,本科,杭州市
自走棋玩法策划（蛋仔派对）,本科,上海市
资深关卡策划（PO）,本科,上海市
小红书获客内容运营,本科,北京市
资深技术美术工程师（效果表现）-风格化在研,本科,杭州市
客户端开发工程师（战斗Gameplay向）,本科,杭州市
IP版权商务（欧美）,本科,广州市
资深视频编导（广州）,本科,广州市
增长运营策划（社交裂变方向）,本科,杭州市
游戏商务合作营销策划（巅峰极速）,本科,广州市
IP版权商务（日语）,本科,杭州市
AI产品经理,本科,广州市
增长运营策划（小程序产品经理方向）,本科,杭州市
内容创意营销（视频）,本科,广州市
资深分镜设计师,本科,广州市
高级关卡策划（UGC方向）,,杭州市
资深体验设计师（燕云十六声）,,杭州市
资深项目管理工程师（KJ）,本科,广州市
高级后端开发工程师,本科,广州市
资深小说内容运营,本科,杭州市
高级男频小说精修,本科,杭州市
小红书内容种草,本科,北京市
云商-资深客户成功经理（杭州）,本科,杭州市
资深概念设计师（角色 梦幻端游）,本科,广州市
资深概念设计师（角色）-梦幻西游手游,大专,广州市
增长运营策划（小程序产品经理方向）,本科,杭州市
内容创意营销（视频）,本科,广州市
资深版本营销,本科,广州市
短视频内容营销,本科,上海市
日语社区营销（FPS）,本科,广州市
推荐算法策略专家,本科,广州市
Java开发工程师,本科,广州市
资深动画导演,本科,广州市
高级营销策划（版本传播）,本科,广州市
高级营销策划,本科,广州市
内容运营专家,本科,上海市
资深UI视觉设计师（哈利波特：魔法觉醒）,本科,广州市
资深UI视觉设计师（时空中的绘旅人）,大专,广州市
资深VFX特效设计师（在研古代战争题材3A单机项目）,大专,广州市
资深VFX特效设计师（天启行动）,大专,深圳市
UI视觉设计师（多风格）,本科,广州市
资深国际税,本科,杭州市
韩语商务,本科,广州市
资深版本营销,本科,广州市
电器商品开发,本科,杭州市
资深内容运营,本科,广州市
高级内容营销策划（体育竞技品类）,本科,广州市
海外市场营销（社区传播方向）,本科,上海市
IP版权监修（日语）,本科,广州市
海外创意编导,本科,广州市
IP版权商务（日语）,本科,广州市
海外公关传播 （英语）,本科,广州市
高级营销策划（私域运营方向-竞技品类） ,本科,广州市
高级营销策划（乙女向）,本科,广州市
用户增长产品经理,本科,上海市
 资深商业化策划（足球项目）,本科,广州市
资深系统策划（足球项目）,本科,广州市
高级客户端开发工程师(蛋仔),本科,上海市
资深概念设计师（角色）-阴阳师,本科,广州市
资深文案策划（在研二次元卡牌RPG）,,广州市
供应链渠道协同计划(B端渠道),,杭州市
资深游戏用户研究员（率土）,本科,广州市
资深游戏用户研究员,本科,广州市
资深三维动画设计师（动画方向）,本科,广州市
税务信息化经理,本科,杭州市
云商-大客户销售（西区）,本科,成都市
客户端开发工程师（第五人格局内系统向）,本科,杭州市
客户端开发工程师（第五人格）,本科,杭州市
云商-销售运营,本科,杭州市
高级系统策划（时空中的绘旅人）,本科,广州市
高级关卡策划（蛋仔派对）,本科,杭州市
高级/资深HRBP（网易雷火游戏）,本科,杭州市
资深引擎组长,,杭州市
资深玩法策划（肉鸽向）,,广州市
UGC技术策划,本科,上海市
高级文案策划（王牌竞速）,本科,杭州市
资深客户端开发（阴阳师）,本科,广州市
资深数值策划（在研二次元RPG-系统设计及养成方向）,本科,广州市
资深服务器开发（阴阳师）,本科,广州市
关卡策划（在研3A PC射击）,,上海市
引擎开发工程师（射雕）,本科,广州市
资深关卡策划（在研超英题材卡牌）,本科,广州市
资深系统策划（玩法向）,本科,广州市
资深游戏程序开发（在研PC射击）,本科,上海市
资深关卡设计师,大专,广州市
资深特效设计师（漫威 争锋）,,广州市
资深关卡设计师（漫威争锋）,大专,广州市
高级测试工程师,本科,杭州市
高级Java开发（B端）,本科,杭州市
销售中心-数字化专职销售,本科,深圳市
生态合作伙伴BD,,广州市
版本营销（实况足球手游）,本科,广州市
资深数值策划（蛋仔派对）,本科,杭州市
资深系统策划,本科,上海市
赛事视觉设计师,本科,广州市
资深动画设计师,本科,广州市
主策划,本科,广州市
前端开发工程师,本科,广州市
HRBP-杭州,,杭州市
资深战斗策划（在研二次元RPG）,本科,广州市
高级文案策划（概念设定方向-开放世界武侠项目）,本科,杭州市
高级短视频运营（逆水寒）,本科,广州市
私域服务管理（广州）,本科,广州市
私域服务管理（杭州）,本科,杭州市
资深UI视觉设计（在研二次元项目）,本科,广州市
资深技术策划（开放世界RPG项目）,,杭州市
资深表现策划（导演方向，开放世界RPG）,,杭州市
资深玩法策划（七日世界）,本科,杭州市
资深战斗策划（3C方向-七日世界）,本科,杭州市
资深文案策划（七日世界）,本科,杭州市
资深关卡策划（蛋仔）,,杭州市
资深系统策划（排位）,本科,广州市
资深编导,,广州市
财务BP（游戏营销）,本科,广州市
日区运营策划（二次元_巅峰极速）,本科,广州市
资深特效设计师（深圳在研fps项目）,其他,深圳市
资深内容运营（直播）,,杭州市
游戏电竞商务经理,本科,广州市
编辑器系统策划-（UE策划）,本科,上海市
高级Java开发工程师,本科,杭州市
算法平台开发工程师（AIGC方向）,本科,杭州市
资深灯光设计师（风格化在研主机）,,杭州市
资深概念设计师,本科,上海市
资深角色概念设计师,本科,上海市
资深3D动作设计师（射击）,本科,杭州市
高级宣传策划（歌曲/艺人）,本科,北京市
游戏云运维工程师,本科,杭州市
短视频编导,本科,北京市
商业化策划（逆水寒手游）,本科,杭州市
项目管理,本科,广州市
引擎研发工程师（Messiah）,本科,广州市
引擎研发工程师（MESSIAH）,,杭州市
TA技术美术（Messiah）,本科,广州市
资深系统策划（射击品类）,本科,上海市
高级系统策划（开放世界RPG）,,杭州市
IDC采购经理,本科,杭州市
高级营销策划（海外社区-Discord）,本科,广州市
文案策划（决战！平安京）,本科,广州市
游戏客户端开发专家-战斗动画,本科,上海市
科技记者,本科,北京市
资深关卡策划（萤火突击）,本科,杭州市
高级系统玩法策划（在研射击PC项目）,本科,上海市
资深运营策划（射击项目）,本科,广州市
游戏赛事运营-漫威终极逆转,本科,上海市
高级任务策划（开放世界武侠项目）,本科,杭州市
资深产品经理（运维产品）,,广州市
资深文案策划（在研二次元RPG）,本科,广州市
私域运营,本科,北京市
高级任务策划（开放世界RPG）,本科,杭州市
流量策略产品策划,本科,广州市
云商-资深售前解决方案工程师（上海/杭州）,本科,上海市
资深游戏数据研究员,本科,杭州市
服务端开发工程师（系统玩法向）,本科,广州市
资深用户增长产品经理,本科,广州市
原创男频总编,大专,杭州市
高级NPC策划（开放世界RPG）,本科,杭州市
高级系统策划（梦幻端游）,,广州市
高级系统策划（梦幻西游网页版）,,广州市
高级运营策划（天下3）,本科,广州市
直播运营,本科,北京市
云商-资深客户成功经理（深圳）,本科,深圳市
资深系统策划（蛋仔）,,杭州市
资深概念设计师（美宣）-时空中的绘旅人,,广州市
营销增长负责人（快消）,本科,杭州市
资深关卡策划（开放世界RPG）,本科,杭州市
资深投放素材创意策划,本科,广州市
资深用户增长（虚拟社交方向）,本科,杭州市
音乐商务营销（子弹工作室-杭州/北京/广州）,,杭州市
原创内容拓展（子弹工作室-杭州/北京/广州）,,杭州市
高级内容拓展（电波工作室-杭州/北京）,,杭州市
引擎开发工程师（开放世界武侠）,本科,杭州市
资深数值策划（明日之后）,本科,上海市
资深系统玩法策划（SOC方向-七日世界）,本科,杭州市
推荐算法工程师（网易云音乐）,本科,杭州市
主策划,,上海市
资深管线和工具开发工程师,本科,杭州市
渠道营销设计,本科,杭州市
高级文案策划 （内容叙事制作）,本科,广州市
项目管理,本科,广州市
文案策划,本科,广州市
短剧平台运营,本科,广州市
策略产品经理,本科,广州市
高级短视频运营（永劫无间） ,本科,广州市
游戏工具产品经理,本科,广州市
MCN商务经理,本科,广州市
资深灯光师（UE引擎）,,广州市
驻厂质量工程师,本科,深圳市
高级服务端开发工程师,本科,广州市
资深动画设计师（在研体育项目）,,广州市
资深关卡策划（在研二次元卡牌RPG）,,广州市
产品运营（海外工具类产品）,本科,广州市
资深UI视觉设计（美漫风格化项目）,本科,广州市
财务预算高级专家,本科,杭州市
资深客户端开发工程师（Unity）,,上海市
财务BPL（游戏营销方向）,本科,广州市
资深灯光设计师（中式废土写实枪战）,大专,广州市
资深制片,本科,广州市
资深3D角色制作设计师（漫威争锋）,大专,广州市
云商-市场研究员/数据分析师,本科,杭州市
PVP玩法策划（逆水寒端游）,本科,杭州市
资深文案策划（七日世界）,本科,杭州市
资深绑定师,,广州市
强基学业规划师,本科,北京市
销转策略运营,本科,北京市
高级数据分析师,本科,杭州市
原创男频主编,大专,杭州市
资深产品运营（易次元）,本科,广州市
资深版权运营,,杭州市
资深客户端开发工程师（萤火突击）,本科,杭州市
付费小说产品经理（IAP方向）,本科,杭州市
财务系统专家,本科,杭州市
编辑器技术策划（蛋仔派对）,本科,上海市
资深游戏用户研究员,本科,上海市
资深推荐算法工程师,本科,广州市
资深游戏数据研究员,本科,杭州市
资深游戏数据研究员,本科,广州市
资深游戏用户研究员,,杭州市
资深游戏用户研究员,,杭州市
资深游戏用户研究员,本科,杭州市
UGC生态负责人,,杭州市
采购合规专家,本科,杭州市
资深税务专员,本科,杭州市
小班教务运营,本科,北京市
高级游戏音频设计师（雷火-FPS游戏项目）,本科,杭州市
高级运营策划（Marvel Rivals-安全向）,本科,广州市
赛事策划,本科,上海市
高级赛事运营（第五人格）,本科,广州市
赛事导演,本科,广州市
高级文案策划（第五人格）,,杭州市
社区运营,本科,广州市
短视频运营策划专员,本科,上海市
资深游戏编辑器开发者运营,本科,上海市
体育客户端开发（系统功能方向）,本科,广州市
高级文案策划（蛋仔派对）,本科,杭州市
高级战斗策划,,杭州市
高级概念设计师（角色-天启行动）,其他,深圳市
高级后端开发工程师,本科,北京市
资深游戏服务端开发工程师,,杭州市
财务BP（广州）,本科,广州市
财务BP（游戏方向）,本科,广州市
低代码销售总监,本科,杭州市
云平台开发工程师,本科,杭州市
高级内容营销专员,本科,广州市
数据产品经理（自媒体矩阵管理平台）,本科,广州市
高级系统运维工程师（杭州）,本科,杭州市
短视频运营经理（永劫无间）,本科,广州市
大模型算法工程师（AI虚拟人）,本科,杭州市
赛事项目经理,本科,广州市
资深客户端gameplay,,杭州市
资深技术美术（技术向）,,上海市
高级/资深招聘（雷火）,本科,杭州市
资深JAVA开发工程师（MPC）,本科,杭州市
资深引擎开发（主机）,本科,杭州市
资深概念设计师（时装-巅峰极速）,其他,广州市
赛事运营策划（蛋仔）,本科,广州市
资深Java开发工程师（MCN&MPC方向）,本科,杭州市
游戏营销-赛事运营,本科,上海市
资深技术策划（3D管线）,,广州市
高级/资深UE5客户端开发-战斗模块,本科,杭州市
游戏引擎动画/PV编导（FragPunk）,本科,杭州市
高级UE5客户端开发,本科,杭州市
高级/资深海外游戏网红营销,本科,杭州市
游戏客户端开发（永劫无间手游）,本科,杭州市
游戏动画视频导演（逆水寒手游）,本科,杭州市
资深游戏3D动作设计师,本科,杭州市
客户端开发工程师（工具向）,本科,广州市
高级3D角色制作设计师（天启行动）,,深圳市
资深服务器开发工程师（天下3端手游）,本科,广州市
游戏平台运营,本科,上海市
高级概念设计师（美宣-萤火突击）,,广州市
强基学业规划师,本科,北京市
高级运营策划（外观商业化向-开放世界武侠项目）,本科,杭州市
资深运营策划（UGC生态-7日世界）,本科,杭州市
高级文案策划（时空中的绘旅人）,本科,广州市
高级/资深界面动效设计师,,杭州市
税务专员,,杭州市
技术支持专员,本科,杭州市
赛事活动运营经理,本科,杭州市
运营策划,,广州市
运营策划（日本外部合作向）,本科,广州市
海外电竞赛事策划,本科,国外
资深内容营销,本科,杭州市
资深网络运维工程师（杭州）,本科,杭州市
评香师,本科,杭州市
客户端组长（一梦江湖）,本科,杭州市
营销平台产品经理,本科,广州市
客户端开发工程师（工具方向）,,广州市
引擎研发工程师（ Messiah ）,,上海市
大数据组件研发工程师（离线方向）,本科,广州市
大数据组件研发工程师（实时方向）,本科,广州市
资深3D场景制作设计师（成都）,大专,成都市
WebRTC算法优化工程师,本科,广州市
资深技术策划,本科,上海市
资深服务器开发工程师,本科,杭州市
3D角色制作设计师（决战平安京）,,广州市
资深前端开发工程师（DAF/税务/内部交易线）,本科,杭州市
资深文案策划（剧情世界观方向-七日世界）,本科,杭州市
APP增长运营,本科,北京市
资深产品策划,,广州市
资深数值策划,本科,上海市
资深角色制作设计师,大专,杭州市
AIGC视觉设计师,,杭州市
升学规划讲师,本科,北京市
人文美育主讲,本科,北京市
数据库运维工程师,本科,广州市
资深场景编辑设计师（硬表面科幻写实）,大专,杭州市
资深美术PM（KJ）,本科,上海市
2Dlive表情制作（代号无限大）,,杭州市
舆情公关负责人,本科,杭州市
MCN负责人,本科,广州市
小红书渠道运营,本科,北京市
资深机电工程师,本科,三亚市
资深UI视觉设计（在研欧卡项目）,本科,广州市
高级运营策划（拉新回流）,,广州市
高级数值策划（梦幻端游）,本科,广州市
资深产品经理（IM）,本科,杭州市
资深程序开发工程师（双端）,本科,上海市
高级/资深游戏角色制作设计师（代号无限大）,,杭州市
资深场景原画设计师,大专,杭州市
资深关卡策划,,广州市
资深运营策划,本科,广州市
客户服务/客户运营人才储备,本科,杭州市
资深数值策划（在研超英题材卡牌RPG项目）,本科,广州市
资深CG动画师,大专,广州市
资深场景原画设计师,大专,杭州市
资深3D角色制作设计师（西幻绘本动作冒险）,大专,成都市
品牌广告销售经理（华北）,本科,北京市
资深文案策划,,深圳市
资深角色制作设计师（守望先锋）,,杭州市
硬件产品培训师,本科,北京市
omo销售培训师,本科,北京市
资深数值策划（蛋仔）,,杭州市
泛创意内容策划,本科,北京市
资深产品PM,,上海市
资深产品PM,,杭州市
资深UE特效设计师-在研3A单机,大专,杭州市
资深UE5客户端开发（3A单机）,本科,杭州市
资深/专家单机UE Gameplay工程师,,杭州市
资深游戏配乐师（代号无限大）,本科,杭州市
动捕专家,大专,杭州市
资深剧情动画师（3A单机项目）,本科,杭州市
资深过场动画3Dlayout（国风武侠）,本科,杭州市
资深游戏动作设计师（篮球）,本科,杭州市
资深游戏影视编导（无限大）,本科,杭州市
Gameplay程序开发-在研3A单机,本科,杭州市
资深引擎研发工程师（渲染算法）,,杭州市
技术美术工程师（场景TA）,本科,上海市
引擎研发工程师（动画工具链方向）,,杭州市
引擎研发工程师（NeoX）,本科,杭州市
Linux开发工程师（MuMU模拟器）,本科,广州市
资深场景编辑设计师（硬表面科幻写实） - 雷火事业群807,,杭州市
商业化活动策划（蛋仔派对）,,杭州市
技术美术专家（美术向）,,杭州市
资深角色原画设计师（全明星街球派对）,大专,杭州市
资深UE特效设计师-在研3A单机,大专,杭州市
特效专家 - 雷火事业群807,本科,杭州市
UE5工具程序员-在研3A单机,本科,杭州市
AI程序员-在研3A单机,本科,杭州市
资深游戏特效设计师（逆水寒）,,杭州市
游戏影视Timeline对话镜头编导,大专,杭州市
3Dlayout（无限大）,本科,杭州市
角色原画专家-雷火游戏部002,,杭州市
资深游戏影视编导,本科,杭州市
资深特效设计师（国风武侠）,大专,杭州市
资深角色原画设计师（Fragpunk）,,杭州市
游戏3D动作设计专家,,杭州市
资深文案策划,本科,杭州市
资深音频设计师（代号无限大）,本科,杭州市
资深特效设计师（永劫无间）,大专,杭州市
角色立绘插画师（代号无限大）,本科,杭州市
资深/专家角色原画设计师（卡通风格化）,大专,杭州市
特效原画设计师（代号无限大）,本科,杭州市
资深角色制作设计师（全明星街球派对）,,杭州市
资深角色原画设计师（守望先锋）,,杭州市
资深角色原画设计师（代号无限大）,大专,杭州市
资深3D动作设计师（永劫无间）,,杭州市
游戏经济分析师,博士,上海市
云商-北区大客户销售,,北京市
技术策划（TD）,本科,广州市
客户端开发工程师（工具方向）,,广州市
引擎开发工程师（商用引擎）,本科,广州市
资深技术策划（在研二次元RPG）,,广州市
京东广告投放,本科,北京市
资深安全工程师（杭州）,本科,杭州市
音视频开发工程师,,广州市
销售中心-销售关键人才储备 - 智慧企业事业部007,本科,杭州市
广州IT服务经理（广州）,本科,广州市
资深服务端开发工程师（法务相关系统）,本科,杭州市
资深Java开发工程师（HR系统）,本科,杭州市
资深Java开发工程师/专家（采购系统方向）,本科,杭州市
资深Java开发工程师（云协作办公）,本科,杭州市
资深Java开发工程师（费控系统）,本科,杭州市
资深Java开发工程师（财经）,本科,杭州市
高级任务策划（七日世界）,本科,杭州市
客户成功专员（企业邮）,本科,杭州市
客户运营专员（广州）,本科,广州市
高级风控运营,,广州市
资深广告算法工程师（网易云音乐）,本科,杭州市
搜索算法工程师（大模型/NLP方向）,,杭州市
资深算法工程师（商业化）,,杭州市
资深算法工程师（网易云音乐/社区）,,杭州市
资金,本科,杭州市
资深关卡策划（POI方向-七日世界）,本科,杭州市
游戏本地化项目管理（英语）,本科,广州市
资深程序开发（双端-长运组）,本科,上海市
资深系统策划(社交)（蛋仔派对）,本科,杭州市
资深场景编辑设计师,本科,杭州市
高级/资深音频设计师,本科,杭州市
高级服务器开发工程师（在研三消）,本科,上海市
资深文案策划（明日之后）,本科,上海市
资深系统策划（明日之后）,本科,上海市
高级文案策划（蛋仔派对）,本科,杭州市
商业化运营策划（蛋仔派对）,本科,杭州市
资深数值策划,本科,广州市
高级用户运营（网吧）,本科,杭州市
武器概念设计师（硬表面）,,杭州市
武器概念设计师（Fragpunk）,,杭州市
游戏项目经理（代号无限大）,本科,杭州市
游戏配乐师,本科,杭州市
资深游戏影视编导-逆水寒,,杭州市
2D特效设计师（代号无限大）,大专,杭州市
资深动捕动画师,,杭州市
资深特效设计师,大专,杭州市
资深角色原画设计师（逆水寒端游）,大专,杭州市
高级/资深特效设计师（在研单机）,,杭州市
游戏导演,大专,杭州市
游戏3D动作设计专家-逆水寒,,杭州市
资深特效设计师（FPS项目FragPunk）,本科,杭州市
资深/专家场景灯光设计师（代号无限大）,大专,杭州市
游戏影视动画师（国风武侠）,本科,杭州市
游戏项目管理,本科,杭州市
资深CG特效师（漫威争锋）,大专,广州市
资深CG动画师（漫威争锋）,,广州市
资深关卡策划（射击项目）,本科,广州市
测试开发工程师,本科,广州市
资深角色原画设计师（逆水寒端游）,大专,杭州市
资深游戏绑定设计师,,杭州市
游戏影视动画师（国风武侠）,本科,杭州市
游戏美术向项目经理（逆水寒手游）,本科,杭州市
角色原画设计师-机械怪物方向（代号无限大）,本科,杭州市
资深/专家场景灯光设计师（代号无限大）,大专,杭州市
游戏导演,大专,杭州市
游戏3D动作设计专家-逆水寒,,杭州市
资深特效设计师（FPS项目FragPunk）,本科,杭州市
角色模型专家 - 雷火事业群807,本科,杭州市
短剧新媒体运营,本科,杭州市
高级商业化运营策划（蛋仔滑滑）,本科,上海市
资深海外运营,本科,上海市
高级产品运营,本科,广州市
高级/资深叙事策划（在研单机）,本科,杭州市
高级开发工程师（第五人格）,本科,杭州市
韩国运营策划（版本）,本科,广州市
资深数值策划（萤火突击）,本科,杭州市
系统策划（社交方向-开放世界武侠项目）,本科,杭州市
高级/资深GUI设计师（代号无限大）,,杭州市
海外游戏运营（荒野）,本科,广州市
资深用户运营（SLG充值）,,广州市
资深用户运营（用户回流）,本科,广州市
资深用户运营（永劫端游商业化）,本科,杭州市
私域运营高级经理（广州）,本科,广州市
文案策划（编导创意向_平安京）,本科,广州市
资深系统策划（社交向）,本科,广州市
资深系统策划（巅峰极速）,本科,广州市
系统策划（开放世界玩法）,本科,广州市
赛道策划（关卡&UGC玩法）,本科,广州市
韩国运营策划（商业化）,本科,广州市
运营策划（决战！平安京）,,广州市
高级/资深海外游戏社区经理,本科,杭州市
资深服务器开发（七日世界）,本科,杭州市
资深前端开发工程师（MPC和MCN项目）,本科,杭州市
资深前端开发工程师（通用核算/资金/营收线）,本科,杭州市
低代码-资深销售专员,,广州市
线下地推主管,大专,深圳市
资深概念设计师,,广州市
游戏美术招聘,本科,杭州市
资深UGC生态运营,本科,上海市
资深IT服务工程师（广州）,本科,广州市
供应链结算,本科,杭州市
创意文案主管（宠物）,本科,杭州市
游戏运营分析策划（逆水寒手游）,,杭州市
高级游戏用户运营（天下3）,本科,广州市
高级风控运营 ,本科,广州市
游戏内容安全运营（未成年方向）,本科,广州市
游戏内容运营（UGC方向）,本科,广州市
高级服务质量管控,本科,广州市
高级客户端开发（第五人格）,本科,杭州市
资深游戏引擎/专家（主机向）,,杭州市
资深技术美术工程师,本科,杭州市
私域运营经理,本科,广州市
社区运营（我的世界）,本科,广州市
资深图形渲染程序开发（UE5引擎方向）,本科,广州市
资深游戏引擎开发（动画方向-七日世界）,本科,杭州市
资深技术美术TA（管线和工具开发）,本科,杭州市
客户端性能优化工程师（Messiah）,本科,广州市
资深角色模型（手游角色全流程PO）,本科,杭州市
高级/资深私域运营（杭州）,本科,杭州市
高级特效设计师（大话端游）,,广州市
资深引擎开发工程师（动画方向）,本科,杭州市
高级UE客户端开发工程师,本科,广州市
资深服务端开发工程师,本科,广州市
产品经理（HR-KM系统）,本科,杭州市
资深系统策划（赛季设计方向-七日世界）,本科,杭州市
资深系统策划（交互方向-七日世界）,本科,杭州市
资深系统策划（异常物模块-七日世界）,本科,杭州市
资深关卡策划（七日世界）,本科,杭州市
资深海外本地化策划（英语方向为主）,本科,杭州市
资深战斗策划（在研二次元卡牌RPG）,本科,广州市
资深UI视觉设计师（梦幻端游）,大专,广州市
资深移动端渲染TA（七日世界）,本科,杭州市
资深管线和工具开发TA（七日世界）,本科,杭州市
广东省区经理,本科,广州市
资深管线和工具开发TA,本科,杭州市
高级关卡策划（蛋仔派对）,本科,杭州市
云商-高级实施交付工程师,,杭州市
游戏测评工程师,本科,杭州市
资深游戏测评工程师（射击 ）,,上海市
高级培训设计运营,本科,广州市
 技术项目经理,本科,杭州市
关卡策划（萤火突击）,,杭州市
高级数值策划（梦幻西游网页版）,,广州市
资深UE客户端开发工程师,本科,广州市
资深系统策划（梦幻西游手游）,本科,广州市
资深系统玩法策划（七日世界）,本科,杭州市
资深引擎研发工程师,本科,上海市
信息学教练,本科,北京市
资深角色原画设计师,大专,杭州市
资深角色原画设计师（代号无限大）,大专,杭州市
资深游戏灯光师（逆水寒手游）,大专,杭州市
资深游戏角色制作设计师（逆水寒）,大专,杭州市
游戏影视动画师（无限大）,本科,杭州市
资深游戏3D动作设计师（无限大）,,杭州市
高级/资深游戏特效设计师（代号无限大）,大专,杭州市
资深GUI视觉设计师-雷火游戏部029,,杭州市
高级商务专员 -雷火艺术中心,本科,杭州市
游戏项目经理（代号无限大）,本科,杭州市
高级玩法策划（Gameplay方向-开放世界武侠项目）,本科,杭州市
资深UI视觉设计师（破碎之地）,大专,广州市
系统组长（萤火突击）,本科,杭州市
资深动画设计师（梦幻端游）,大专,广州市
资深游戏测评工程师（第五人格）,本科,上海市
资深场景制作设计师（永劫无间）,大专,杭州市
主文案策划（七日世界）,本科,杭州市
资深系统策划（在研3A射击PC）,本科,上海市
私域运营（梦幻藏宝阁交易）,,广州市
资深概念设计师（美宣-大话西游端游）,,广州市
资深系统策划（交互方向-七日世界）,本科,杭州市
资深战斗策划（怪物AI方向-七日世界）,本科,杭州市
叙事任务策划（七日世界）,本科,杭州市
资深系统玩法策划（七日世界）,本科,杭州市
资深系统策划（SOC玩法-七日世界）,本科,杭州市
资深文案策划（梦幻西游手游）,本科,广州市
教育信息化销售经理,本科,南京市
高级/资深数据分析师,,杭州市
客户端开发（主机方向）,本科,杭州市
广告销售经理（华南）,本科,广州市
广告渠道销售经理（华南）,本科,广州市
资深技术美术工程师,,广州市
数据开发专家,本科,杭州市
客户端工具组长（七日世界）,本科,杭州市
高级音频设计师（音乐）,,广州市
资深体验设计师 (梦幻西游）,本科,广州市
游戏内容营销策划,本科,广州市
资深用户体验研究员,,广州市
高中辅导学科策略负责人,本科,北京市
Global Talent Acquisition,本科,广州市
客户端开发工程师（大话经典版）,本科,广州市
高级战斗策划（回合制）,本科,杭州市
项目经理-雷火,,杭州市
资深关卡策划,,广州市
资深数值策划（暗黑）,本科,广州市
资深玩法策划,,广州市
高级客户端开发工程师（梦幻端游）,本科,广州市
资深客户端开发工程师（3C）,本科,杭州市
资深客户端开发工程师（战斗）,本科,杭州市
资深客户端开发工程师（系统）,本科,杭州市
私域运营经理,本科,杭州市
资深运营策划（活跃方向-开放世界武侠项目）,本科,杭州市
主播,本科,北京市
服配材料开发,本科,杭州市
产品专家（核算域）,本科,杭州市
销售运营,本科,北京市
资深用户增长,本科,杭州市
资深车载商务（网易云音乐）,本科,杭州市
资深用户运营,,广州市
技术美术（渲染向、动画向）,,上海市
资深概念设计师（角色）- 梦幻西游端游,,广州市
快消品产品设计,,杭州市
资深3D角色制作设计师（服装-萤火突击）,,杭州市
海外资深营销创意设计（FragPunk）,本科,杭州市
资深游戏程序（性能优化方向）,本科,杭州市
资深IDC运维工程师（电气方向）,本科,杭州市
资深产品经理(资金域),本科,杭州市
私域运营经理,本科,杭州市
资深战斗策划（七日世界-玩法向）,本科,杭州市
资深前端开发工程师（daf/税务/内部交易）,本科,杭州市
资深3D角色制作设计师-萤火突击,大专,杭州市
资深3D角色制作设计师（怪物模型方向）-风格化在研,,杭州市
角色概念设计专家（风格化在研）,,杭州市
资深关卡设计师（风格化在研）,,杭州市
资深概念设计师（角色）-风格化在研手游,,杭州市
资深特效设计师-风格化在研,,杭州市
高级文案策划（Marvel Rivals）,本科,广州市
高级IDC资产管理-贵阳,本科,杭州市
资深客户端开发（工具方向-开放世界武侠）,,杭州市
资深动画TA（在研PC射击）,本科,上海市
资深3D角色制作设计师（天下）,大专,广州市
资深概念设计师（角色）（天下）,大专,广州市
资深动画设计师（风格化在研）,,杭州市
资深UI视觉设计师（模拟经营）,本科,上海市
资深UI视觉设计师,,上海市
资深VFX特效设计师（界面）（FPS写实多端在研）,大专,杭州市
资深特效设计师（风格化在研）,,杭州市
资深概念设计师（角色）（欧卡风格化在研）,,杭州市
概念设计专家（场景）（风格化在研）,,杭州市
资深概念设计师（怪物）-风格化在研,,杭州市
高级/资深招聘HR,本科,杭州市
资深图形渲染程序开发（PC射击）,本科,上海市
资深技术策划,本科,杭州市
直播运营岗,本科,北京市
商业分析师（产品业务方向）,本科,广州市
游戏产品战略顾问,本科,广州市
升学规划讲师,本科,北京市
产品运营（工具类产品-用户方向）,,广州市
资深游戏运营（MuMu 模拟器-营收方向）,本科,广州市
客户端研发工程师（MC）,本科,上海市
资深管线和工具开发工程师（萤火突击）,本科,杭州市
资深3D场景制作设计师（代号无限大）,本科,杭州市
资深SD材质师（代号无限大）,本科,杭州市
资深场景原画设计师（代号无限大）,本科,杭州市
资深场景编辑设计师（代号无限大）,大专,杭州市
资深版权商务专家（网文）,本科,北京市
综合采购商务,本科,上海市
资深玩法策划,本科,上海市
工具向客户端开发（世界之外）,本科,广州市
高级客户端开发（在研射击项目）,本科,广州市
资深引擎研发（萤火突击）,本科,杭州市
资深体验设计师（破碎之地）,本科,广州市
资深体验设计师（射雕）,本科,广州市
资深体验设计师（巅峰极速）,本科,广州市
高级音频设计师（音乐）,,广州市
资深前端开发工程师（杭州）-采购线,本科,杭州市
资深IT资产管理工程师（北京）,本科,北京市
资深IDC资产管理工程师（杭州）,本科,杭州市
IDC外包与流程管理工程师,本科,杭州市
用户研究员(渠道中台向),,杭州市
资深服务端（在研PC射击）,本科,上海市
高级/资深私域运营（mmo/SLG/体育竞技）,本科,广州市
高级私域运营（永劫手游）,本科,杭州市
高级私域运营（篮球游戏）,本科,杭州市
资深系统策划,本科,广州市
服装SQE质量工程师,本科,杭州市
小说男频总编,大专,杭州市
小说女频总编,大专,杭州市
资深技术策划 （Marvel Rivals）,本科,广州市
高级技术策划 （Marvel Rivals）,本科,广州市
高级客户端开发工程师（射击项目）,本科,广州市
系统策划（车辆调校）,本科,广州市
招生物料编辑,本科,北京市
资深任务策划（开放世界武侠项目）,本科,杭州市
数值策划（开放世界武侠项目）,本科,杭州市
私域/商业化数据负责人,,广州市
高级表现策划（开放世界RPG）,本科,杭州市
资深行政采购专员（上海）,本科,上海市
法务副总监,硕士,上海市
资深文案策划（在研3APC射击）,本科,上海市
资深策略运营（内容生产生态）,本科,杭州市
高级3D角色制作设计师（枪械）,,杭州市
高级3D角色制作设计师（服装-萤火突击）,,杭州市
LOFTER用户增长负责人,本科,杭州市
资深客户端开发工程师,,杭州市
资深概念设计师（场景）,本科,广州市
资深海外本地化策划（英语方向为主）,本科,杭州市
易盾-高级/资深JAVA开发工程师,本科,宁波市
高级战斗策划（开放世界RPG-BD方向）,,杭州市
技术策划（萤火突击）,本科,杭州市
渠道发行管培生,本科,杭州市
高级用户运营（永劫手游-商业化）,本科,杭州市
测试开发工程师,本科,北京市
资深玩法策划,本科,杭州市
资深战斗策划,本科,杭州市
资深技术策划组长,本科,杭州市
资深场景制作设计师 （逆水寒）,大专,杭州市
vizrt技术美术工程师,本科,广州市
关卡设计专家（风格化在研）,,杭州市
云商-资深KA销售（上海）,,上海市
资深系统策划（活动向）,本科,广州市
资深概念设计师（角色）- 破碎之地,大专,广州市
游戏研发工程师,本科,广州市
资深文案策划（7日世界-任务管线PO）,本科,杭州市
主数值（七日世界）,本科,杭州市
资深系统策划（萤火突击）,,杭州市
动画设计专家-萤火突击,大专,杭州市
资深动画设计师（写实射击端游）,,上海市
资深UI视觉设计师（模拟经营卡通）,本科,上海市
资深特效设计师（天下）,大专,广州市
云商-问卷调研资深KA销售（上海） ,,上海市
资深服务端开发工程师（我的世界）,,上海市
游戏客户端开发工程师（UE4/Unity/自研引擎）,本科,广州市
高级客户端开发（gameplay）,本科,杭州市
高级数值策划（蛋仔派对）,本科,杭州市
大数据资深大客户销售经理（上海）,本科,上海市
资深文案策划（蛋仔）,,杭州市
游戏安全运营（交易端游）,本科,广州市
游戏系统策划（逆水寒端游）,本科,杭州市
资深Java开发工程师（税务系统）,本科,杭州市
资深产品运营（海外交易平台）,,广州市
Android研发工程师,本科,广州市
图形开发工程师（MuMu模拟器）,,广州市
Windows开发工程师（MuMu模拟器）,本科,广州市
高级数值策划（写实武侠项目）,本科,杭州市
技术美术工程师（UI动效向）,本科,杭州市
资深UI视觉设计师（射雕）,大专,广州市
资深动画设计师（maya）,,广州市
高级3D角色制作设计师（枪械）,,深圳市
资深技术美术工程师（渲染向）,本科,上海市
资深图形渲染程序开发（PC射击）,本科,上海市
资深创意玩法策划,本科,上海市
资深关卡设计师（修图方向）,,广州市
广告数据运营,本科,杭州市
资深概念设计师（场景美宣-在研fps项目）,本科,广州市
宠物商品开发负责人,本科,杭州市
 资深数据分析师,本科,杭州市
游戏发行制作人,本科,上海市
数据平台开发工程师（Flink引擎开发方向）,本科,杭州市
资深服务端开发工程师（广告工程）,,杭州市
高级/资深服务端开发工程师（数据产品）,本科,杭州市
高级/资深内容营销推广（飓风工作室）,本科,杭州市
高级/资深数仓工程师（网易云音乐）,本科,杭州市
资深数值策划（天下手游/天下3端游）,本科,广州市
资深游戏策划（数值/系统）,本科,广州市
高级Java开发,本科,杭州市
资深场景原画设计师（科幻写实）,大专,杭州市
用户增长产品经理,本科,广州市
高级系统策划（赛事方向）,,深圳市
资深概念设计师（场景）-阴阳师/世界之外,本科,广州市
资深项目管理,,广州市
客户端开发（音频方向）,本科,杭州市
Gameplay客户端开发（开放世界武侠项目）,本科,杭州市
资深数值策划（在研卡牌）,,广州市
资深关卡策划（射击项目）,本科,上海市
营销策划专家,本科,广州市
短视频用户运营（泛娱乐）,本科,广州市
AI教育产品经理,本科,北京市
资深项目管理,本科,杭州市
易盾-计算机视觉算法工程师,,杭州市
易盾-语音算法工程师,,杭州市
易盾-资深策略交付,,杭州市
初中物理主讲教师,本科,北京市
初中数学主讲教师,本科,北京市
资深3C策划（破碎之地）,本科,广州市
资深前端开发工程师/专家,本科,杭州市
游戏视频编导,,广州市
资深系统策划（互通版）,,广州市
资深引擎开发工程师（开放世界武侠3A）,本科,杭州市
高级产品PM,本科,杭州市
资深游戏策划（载具方向-七日世界）,本科,杭州市
TA（开放世界武侠）,本科,杭州市
品牌广告销售经理（华北）,本科,北京市
资深培训,本科,杭州市
资深玩法策划（萤火突击）,,杭州市
游戏战斗策划——逆水寒端游,本科,杭州市
执行主策划,,杭州市
资深HRBP,本科,上海市
资深税务专员(上海）,本科,上海市
资深渲染TA（射击类）,本科,广州市
合规风控专家,本科,杭州市
品类&品牌营销设计,本科,杭州市
宠物渠道区域销售,本科,杭州市
高级商业化运营,本科,广州市
资深系统策划（蛋仔派对）,本科,杭州市
资深数据分析师,本科,杭州市
软件开发专家（PC端跨平台）,本科,杭州市
资深场景制作设计师,本科,成都市
资深文案策划（在研欧美卡牌）,本科,广州市
资深动画设计师,本科,广州市
资深体验设计师（卡牌养成）,本科,广州市
资深特效设计师（决战平安京）,,广州市
高级特效设计师（在研国风二次元）,,广州市
高级/资深ToB招聘HR,本科,杭州市
客户端开发工程师（开放世界武侠项目）,本科,杭州市
资深游戏测评工程师（蛋仔派对）,本科,上海市
高级短视频运营（光遇，蛋仔）,本科,广州市
高级招采专员（营销素材方向）,本科,上海市
资深媒介策划,本科,杭州市
客户端主程（武侠开放世界3A）,本科,杭州市
资深战斗策划（开放世界RPG-BD方向）,,杭州市
自走棋数值策划,,上海市
资深业务薪酬,本科,杭州市
高级游戏研发工程师（破碎之地）,本科,广州市
高级辅导策略,本科,北京市
小班学科运营,本科,北京市
引擎开发工程师（破碎之地）,本科,广州市
资深客户端程序（建造SOC向）,本科,杭州市
行业解决方案战略人才储备,本科,杭州市
高级Unity客户端开发工程师-漫威终极逆转,本科,上海市
资深引擎工具开发工程师,本科,上海市
资深关卡策划（在研3A射击PC）,本科,上海市
高级/资深产品运营（多终端）,本科,杭州市
资深HRBP专家（职能）,本科,杭州市
资深场景编辑设计师（永劫无间）,本科,杭州市
高级引擎开发工程师,本科,杭州市
海外运营策划（东南亚）,本科,杭州市
资深概念设计师（场景-无尽的拉格朗日）,,广州市
高级招采专员（活动方向）,本科,上海市
Windows开发工程师,本科,广州市
HRBP-游戏产品团队,,杭州市
数值策划（国民IP在研自走棋）,,广州市
品牌平面设计师,本科,杭州市
客户端组长,本科,杭州市
资深游戏研发工程师（破碎之地）,本科,广州市
云原生-高级服务端开发工程师,,杭州市
云原生-高级/资深服务端开发工程师（C++方向）,,杭州市
资深体验设计师（萤火突击）,,杭州市
资深体验设计师（天下3）,本科,广州市
资深客户端开发（天下3/天下手游）,本科,广州市
资深TA技术美术（天下mmo）,本科,广州市
资深系统策划（天下3端游/天下手游）,本科,广州市
资深商业化运营策划（天下手游/天下3端游）,本科,广州市
资深引擎研发工程师,本科,广州市
高级产品经理,本科,杭州市
易盾-高级/资深安全策略专家,,杭州市
资深推荐算法工程师,硕士,杭州市
资深财务BP（营销&发行）,本科,广州市
TA（荒野行动）,本科,广州市
UE4客户端开发工程师 - FPS在研项目,本科,杭州市
游戏服务器开发工程师 -FPS在研项目,本科,杭州市
资深活动运营-Snap,本科,上海市
游戏安全运营(交易安全方向),本科,广州市
游戏安全运营（外挂方向）,本科,广州市
游戏安全运营（梦幻端游）,本科,广州市
资深3D角色制作设计师（在研二次元风格化项目）,,广州市
游戏研发工程师（Gameplay方向）,,杭州市
初中英语主讲老师,本科,北京市
初中语文主讲教师,本科,北京市
资深文案策划（概念方向）,,杭州市
资深场景原画设计师（永劫无间）,大专,杭州市
资深3D场景制作（科幻风格化） - 雷火事业群807,大专,杭州市
资深战斗策划（七日世界）,本科,杭州市
UGC编辑器策划（逆水寒手游）,本科,杭州市
资深内审专员,本科,杭州市
资深3D场景制作设计师（永劫无间）,大专,杭州市
商业化外观策划（逆水寒手游）,本科,杭州市
资深文案策划（开放世界RPG）,本科,杭州市
资深概念设计师（美宣-巅峰极速）,,广州市
招聘运营COE,,广州市
资深客户端程序（镜头过场向）,本科,杭州市
资深客户端开发工程师（物理、载具方向）,本科,杭州市
高级技术策划（天下3）,本科,广州市
高级战斗策划,,杭州市
高级内容拓展(西南工作室/成都）,,成都市
资深概念设计师（梦幻西游手游场景）,本科,广州市
资深技术策划（mmo项目）,本科,广州市
引擎组长,本科,杭州市
资深体验设计师（MMORPG）,,广州市
资深产品经理（资产管理）,本科,杭州市
资深园区环境专员,本科,杭州市
服务端开发工程师,,广州市
资深战斗策划 （开放世界RPG-怪物方向）,本科,杭州市
高级系统策划-移动端,本科,上海市
高级战斗策划-（移动端）,本科,上海市
游戏主策划-（移动端）,本科,上海市
易盾-商业化产品经理,,杭州市
资深概念设计师（时装-巅峰极速）,其他,广州市
资深客户端开发（七日世界）,本科,杭州市
资深客户端开发（七日世界）,本科,杭州市
高级游戏客户端开发工程师,本科,杭州市
游戏剧情编剧（在研3A单机）,本科,杭州市
廉正审核专家,本科,杭州市
gameplay客户端开发,本科,杭州市
社区运营经理/高级经理,本科,广州市
云商-资深应用开发工程师,本科,杭州市
游戏图标设计师（代号无限大）,本科,杭州市
资深客户端开发工程师（逆水寒手游）,本科,杭州市
高级引擎开发工程师（渲染/材质方向）,本科,杭州市
美术招聘HR,本科,杭州市
资深廉正监察专员（广州） - 执行办公室005,本科,广州市
幕墙工程师,本科,上海市
资深客户端开发,本科,深圳市
资深动画设计师（漫威：争锋）,大专,广州市
餐厨商品开发,本科,杭州市
资深/专家性能优化（代号无限大）,本科,杭州市
资深商业化运营策划,本科,上海市
HRBP-广州,,广州市
资深动画设计师（live 2D）,本科,广州市
资深特效设计师（暗黑破坏神不朽）,,广州市
效果广告销售（网服/电商方向）北京/杭州,本科,杭州市
资深海外运营策划,本科,杭州市
资深外观商业化策划,本科,上海市
资深战斗策划（怪物方向）,本科,杭州市
高级/资深内容拓展（飓风工作室）,本科,杭州市
资深商业化运营策划,本科,杭州市
JAVA工程师,本科,北京市
资深特效设计师（开放世界RPG）,本科,杭州市
资深角色概念设计（漫威争锋）,,广州市
资深运营策划（fps）,本科,广州市
商业化产品经理,本科,北京市
资深客户端程序（3C战斗方向）,本科,杭州市
资深产品经理（采购系统）,本科,杭州市
资深IDC运维工程师（电气方向）- 贵阳,本科,安顺市
资深玩法策划,本科,广州市
资深开发工程师（推荐系统向&蛋仔派对）,本科,杭州市
推荐系统算法工程师（蛋仔派对）,本科,杭州市
游戏内容安全策略（语音模型方向）,本科,广州市
服务端开发（开放世界武侠）,本科,杭州市
执行主策,本科,上海市
主数值策划,,杭州市
高级游戏开发工程师（客户端方向）,本科,广州市
产品经理（费控系统）,本科,杭州市
UGC开发程序,本科,上海市
资深招聘运营,本科,杭州市
品牌广告运营（非标广告运营方向）,本科,杭州市
运维研发工程师（SRE）,本科,杭州市
资深运营策划（荒野行动）,本科,广州市
高级/资深战斗策划,本科,上海市
策划导演（开放世界武侠项目）,本科,杭州市
资深会员销售（运营商）,本科,杭州市
资深游戏场景编辑设计师（古风武侠写实）,大专,杭州市
资深3D场景制作设计师 （武侠写实/3A单机）,大专,杭州市
高级客户端开发工程师 （开放世界武侠),本科,杭州市
资深商务经理（飓风工作室）,本科,杭州市
引擎动画系统研发工程师,,杭州市
资深引擎研发工程师（渲染底层系统方向）,,杭州市
游戏主策划,本科,上海市
海外创意营销（数据与素材方向）,本科,广州市
高级客户端开发（实况系列）,本科,广州市
战斗策划,本科,广州市
（共享）游戏研发工程师（战斗Gameplay方向）,,上海市
资深引擎开发（萤火突击）,本科,杭州市
游戏剧情文案策划（逆水寒端游）,本科,杭州市
云商-高级/资深直客销售（杭州）,本科,杭州市
资深技术美术工程师,本科,广州市
资深技术策划（编辑器）,,杭州市
高级版权商务拓展,本科,北京市
互动小说编辑,本科,广州市
园区资深行政运营专员/专家（杭州）,本科,杭州市
客户端开发（SOC建造向）,本科,杭州市
游戏研发工程师(C++),本科,广州市
资深引擎开发工程师,本科,杭州市
资深系统策划（射击竞技）,本科,深圳市
电商负责人,本科,杭州市
资深服务端开发（萤火突击）,本科,杭州市
创意策划,本科,北京市
资深3D场景制作设计师,大专,杭州市
资深场景原画设计师（羲和）,大专,杭州市
资深游戏策划（管线管理-开放世界RPG）,,杭州市
客户端开发工程师（时空中的绘旅人）,本科,广州市
资深游戏研发工程师,本科,广州市
资深客户端开发工程师（性能优化）,本科,杭州市
服务器开发工程师（天下mmo）,本科,广州市
编辑器内容创作（我的世界）,本科,上海市
资深客户端开发（萤火突击）,本科,杭州市
资深技术策划,本科,上海市
资深系统策划,本科,广州市
资深运营策划（活动）,本科,杭州市
个护香薰商品开发,本科,杭州市
资深任务策划（任务组长-开放世界RPG）,,杭州市
资深运营策划（外观商业化）,本科,深圳市
资深综合服务采购专员,本科,杭州市
资深任务策划（七日世界）,,杭州市
资深产品策划（MuMu模拟器）,,广州市
关卡组长,,杭州市
省区经理,本科,深圳市
游戏系统策划（外观向）（逆水寒） - 雷火事业群812,本科,杭州市
资深战斗策划（在研自走棋）,,广州市
技术美术（渲染向）,本科,广州市
资深采购专员（硬件）,本科,杭州市
资深销售经理（分销）,本科,杭州市
渠道商品策略经理,,杭州市
IDC采购经理,本科,杭州市
资深Java开发工程师/专家（核算管报方向）,本科,广州市
高级/资深广告素材设计师（视频）-美泰JV事业部,,杭州市
资深Java开发工程师（采购系统）,本科,杭州市
资深战斗策划（天下3端游/天下手游）,本科,广州市
UGC编辑器策划（我的世界）,,上海市
资深商业化运营策划,本科,广州市
资深数值组长（萤火突击）,本科,杭州市
C++服务端开发工程师（UU加速器）,,广州市
财务BP-艺设财务BP ,本科,杭州市
程序化广告运营,本科,杭州市
游戏制作人,本科,上海市
销售中心-线上销售专员（新签）,大专,杭州市
易盾-高级/资深安全策略专家,本科,北京市
销售中心-大客户销售,本科,杭州市
新业务战略人才储备 - 智慧企业事业部,本科,杭州市
云商-渠道经理,,杭州市
易盾-智能风控产品专家,,杭州市
云商-资深直客销售（广州）- 智慧企业事业部002,本科,广州市
易盾-解决方案专家 - 智慧企业事业部005,本科,杭州市
引擎开发,本科,上海市
体育游戏开发（系统功能方向）	,本科,上海市
资深商业化外观设计策划（七日世界）,本科,杭州市
资深运营策划（活跃向）,本科,上海市
游戏市场营销 – 传播方向（永劫无间PC）,本科,杭州市
战略专家/商业分析专家（创新项目管理方向）,硕士,上海市
羚羊小说总编,本科,杭州市
直播商务,本科,北京市
资深数值策划（在研超英题材卡牌RPG项目）,本科,广州市
资深广告素材设计（带团队）,,杭州市
高中学业规划师,本科,西安市
商业化策划,,上海市
资深廉正监察专员（北京）,本科,北京市
高级/资深系统策划,本科,杭州市
初中学业规划师,本科,西安市
资深游戏客户端开发工程师,本科,杭州市
资深内控专员（流程优化方向）,本科,杭州市
日化家清产品经理,本科,杭州市
资深动画设计（开放世界RPG）,本科,杭州市
资深场景原画设计师（开放世界RPG）,本科,杭州市
资深角色原画设计（开放世界RPG）,本科,杭州市
资深3D角色模型师（开放世界RPG）,本科,杭州市
资深战斗策划（回合制战斗）,,杭州市
UGC玩法策划,本科,上海市
资深音乐制作人（子弹工作室）,,杭州市
资深客户端程序（过场&镜头方向）,本科,杭州市
资深公关媒介专员（杭州）,本科,杭州市
资深游戏角色原画设计师（逆水寒手游项目组内）,大专,杭州市
影视气氛图设计师（代号无限大）,,杭州市
资深TP专员,本科,杭州市
电商主播-（特色）,本科,北京市
资深文案策划（梦幻端游）,本科,广州市
资深客户端程序（载具物理方向）,本科,杭州市
UGC沙盒研发制作人,本科,上海市
UGC沙盒研发制作人,本科,杭州市
资深策划导演（写实武侠项目）,本科,杭州市
高级客户端开发工程师（逆水寒手游）,本科,杭州市
高级游戏客户端开发工程师,本科,上海市
资深服务器开发工程师（逆水寒手游）,本科,杭州市
资深引擎性能优化,本科,杭州市
游戏引擎技术专家,本科,上海市
游戏剧情文案策划（逆水寒手游）,本科,杭州市
游戏剧情文案策划（逆水寒）,本科,杭州市
游戏战斗策划（逆水寒手游）,本科,杭州市
编辑器技术策划-战斗方向,本科,上海市
游戏数值策划（逆水寒手游）,本科,杭州市
游戏系统策划 (逆水寒手游）,本科,杭州市
游戏数值策划（逆水寒端游）,本科,杭州市
高级/资深技术策划工程师,,上海市
海外HR Operations资深专家 - 人力资源部041,本科,杭州市
游戏系统策划师 (逆水寒手游）,本科,杭州市
高级HRIS 工程师（Workday）- 人力资源部034,本科,杭州市
"全球个税专家
",本科,杭州市
人力资本分析专家（杭州） - 人力资源部001,本科,杭州市
(Senior) Global Mobility HR,本科,杭州市
高级/资深海外 HR运营 - 人力资源部001,本科,杭州市
International ER,本科,杭州市
海外HR运营专员（base杭州）,本科,杭州市
高级广告商务专员 - 翼信科技005,本科,杭州市
高级/资深海外HR运营专员（workday） - 人力资源部001,本科,杭州市
HR Compliance（International） - 人力资源部041,本科,杭州市
资深海外Payroll（新加坡/杭州） - 人力资源部040,本科,杭州市
资深社保运营 - 人力资源部033,本科,杭州市
资深HRSSC-杭州 - 人力资源部033,本科,杭州市
产品运营专员  - 有道事业群703,本科,北京市
海外HR运营专员（base杭州）,本科,杭州市
高级广告商务专员 - 翼信科技005,本科,杭州市
高级/资深海外HR运营专员（workday） - 人力资源部001,本科,杭州市
HR Compliance（International） - 人力资源部041,本科,杭州市
资深海外Payroll（新加坡/杭州） - 人力资源部040,本科,杭州市
资深社保运营 - 人力资源部033,本科,杭州市
资深HRSSC-杭州 - 人力资源部033,本科,杭州市
产品运营专员  - 有道事业群703,本科,北京市
海外HR运营专员（base杭州）,本科,杭州市
高级广告商务专员 - 翼信科技005,本科,杭州市
高级/资深海外HR运营专员（workday） - 人力资源部001,本科,杭州市
HR Compliance（International） - 人力资源部041,本科,杭州市
资深海外Payroll（新加坡/杭州） - 人力资源部040,本科,杭州市
资深社保运营 - 人力资源部033,本科,杭州市
资深HRSSC-杭州 - 人力资源部033,本科,杭州市
产品运营专员  - 有道事业群703,本科,北京市
海外HR运营专员（base杭州）,本科,杭州市
高级/资深海外HR运营专员（workday） - 人力资源部001,本科,杭州市
高级广告商务专员 - 翼信科技005,本科,杭州市
HR Compliance（International） - 人力资源部041,本科,杭州市
资深海外Payroll（新加坡/杭州） - 人力资源部040,本科,杭州市
资深社保运营 - 人力资源部033,本科,杭州市
资深HRSSC-杭州 - 人力资源部033,本科,杭州市
产品运营专员  - 有道事业群703,本科,北京市
危机公关专家（杭州）,本科,杭州市
资深新媒体品牌策划专员（杭州） - 品牌公关部001,本科,杭州市
资深薪酬管理（互娱）,本科,广州市
高级版权商务经理（北京工作室）,,北京市
原创女频主编,大专,杭州市
高级游戏技术策划,本科,上海市
游戏开发工程师,本科,广州市
资深景观设计专员,本科,杭州市
基地培训师 ,本科,成都市
品牌广告销售经理（华南）,本科,广州市
海外HR运营专员（base杭州）,本科,杭州市
高级/资深海外HR运营专员（workday） - 人力资源部001,本科,杭州市
高级广告商务专员 - 翼信科技005,本科,杭州市
HR Compliance（International） - 人力资源部041,本科,杭州市
资深海外Payroll（新加坡/杭州） - 人力资源部040,本科,杭州市
资深社保运营 - 人力资源部033,本科,杭州市
资深HRSSC-杭州 - 人力资源部033,本科,杭州市
产品运营专员  - 有道事业群703,本科,北京市
资深游戏服务端开发工程师,,杭州市
资深游戏引擎开发（渲染/动画方向-七日世界）,,杭州市
资深客户端程序（过场&镜头方向）,,杭州市
资深客户端程序（工具链方向-七日世界）,,杭州市
资深引擎开发工程师,,杭州市
机电设计资深工程师,本科,上海市
资深开发工程师（推荐系统向&蛋仔派对）,本科,杭州市
文案策划—职业向（逆水寒端游）,本科,杭州市
资深薪酬分析,本科,杭州市
资深北美运营策划（海外超英题材卡牌）,本科,广州市
资深角色制作设计师（在研单机）,大专,杭州市
高级/资深招聘（雷火游戏）,本科,杭州市
数值策划,本科,广州市
资深产品策划/生态产品负责人（生态向）,本科,杭州市
品牌广告销售经理（华东）,本科,上海市
运营策划,本科,广州市
高级/资深招聘HR（杭研）,本科,杭州市
AVG游戏策划,本科,广州市
研发管理Producer,本科,上海市
关卡策划组长—逆水寒手游,本科,杭州市
海外HR运营专员（base杭州）,本科,杭州市
高级广告商务专员 - 翼信科技005,本科,杭州市
高级/资深海外HR运营专员（workday） - 人力资源部001,本科,杭州市
HR Compliance（International） - 人力资源部041,本科,杭州市
资深海外Payroll（新加坡/杭州） - 人力资源部040,本科,杭州市
资深社保运营 - 人力资源部033,本科,杭州市
资深HRSSC-杭州 - 人力资源部033,本科,杭州市
产品运营专员  - 有道事业群703,本科,北京市
海外HR运营专员（base杭州）,本科,杭州市
高级广告商务专员 - 翼信科技005,本科,杭州市
高级/资深海外HR运营专员（workday） - 人力资源部001,本科,杭州市
HR Compliance（International） - 人力资源部041,本科,杭州市
资深海外Payroll（新加坡/杭州） - 人力资源部040,本科,杭州市
资深社保运营 - 人力资源部033,本科,杭州市
资深HRSSC-杭州 - 人力资源部033,本科,杭州市
产品运营专员  - 有道事业群703,本科,北京市
海外HR运营专员（base杭州）,本科,杭州市
高级/资深海外HR运营专员（workday） - 人力资源部001,本科,杭州市
高级广告商务专员 - 翼信科技005,本科,杭州市
HR Compliance（International） - 人力资源部041,本科,杭州市
资深海外Payroll（新加坡/杭州） - 人力资源部040,本科,杭州市
资深社保运营 - 人力资源部033,本科,杭州市
资深HRSSC-杭州 - 人力资源部033,本科,杭州市
产品运营专员  - 有道事业群703,本科,北京市
海外HR运营专员（base杭州）,本科,杭州市
高级广告商务专员 - 翼信科技005,本科,杭州市
高级/资深海外HR运营专员（workday） - 人力资源部001,本科,杭州市
HR Compliance（International） - 人力资源部041,本科,杭州市
资深海外Payroll（新加坡/杭州） - 人力资源部040,本科,杭州市
资深社保运营 - 人力资源部033,本科,杭州市
资深HRSSC-杭州 - 人力资源部033,本科,杭州市
产品运营专员  - 有道事业群703,本科,北京市
海外HR运营专员（base杭州）,本科,杭州市
高级/资深海外HR运营专员（workday） - 人力资源部001,本科,杭州市
高级广告商务专员 - 翼信科技005,本科,杭州市
HR Compliance（International） - 人力资源部041,本科,杭州市
资深海外Payroll（新加坡/杭州） - 人力资源部040,本科,杭州市
资深社保运营 - 人力资源部033,本科,杭州市
资深HRSSC-杭州 - 人力资源部033,本科,杭州市
产品运营专员  - 有道事业群703,本科,北京市
海外HR运营专员（base杭州）,本科,杭州市
高级广告商务专员 - 翼信科技005,本科,杭州市
高级/资深海外HR运营专员（workday） - 人力资源部001,本科,杭州市
HR Compliance（International） - 人力资源部041,本科,杭州市
资深海外Payroll（新加坡/杭州） - 人力资源部040,本科,杭州市
资深社保运营 - 人力资源部033,本科,杭州市
资深HRSSC-杭州 - 人力资源部033,本科,杭州市
产品运营专员  - 有道事业群703,本科,北京市
